Workbook

Sheet Settings
C2: Power_W | F2: Machine
C3: Key Settings | F3: Machine | G3: Power_W | H3: Purchase_Price | I3: Life_hours | J3: Maintenance_pct
C4: Electricity_rate_per_kWh | D4: =812 -> 812 | F4: Anycubic Kobra S1- office | G4: 120 | H4: 94000000 | I4: 5000 | J4: 0.05
C5: Default_markup_pct | D5: 2 | F5: Anycubic Kobra S1- barbod | G5: 120 | H5: 75000000 | I5: 5000 | J5: 0.05
F6: Sunlu t3 | G6: 120 | H6: 23000000 | I6: 3000 | J6: 0.05
C11: Overhead (Material-based)
C12: Overhead_fixed_per_job | D12: 0.3
C13: Overhead_pct_on_material | D13: 0
C14: Overhead_rate_per_100g | D14: 0
C18: Coloring coast/h | D18: 150000

Sheet Materials
D5: Material | E5: Price_per_kg | F5: Waste_pct | G5: Color | H5: Notes
D6: PLA | E6: 2600000 | F6: 0.05 | G6: Black | H6: General purpose
D7: PLA | E7: 2600000 | F7: 0.05 | G7: orange | H7: General purpose
D8: PLA | E8: 2600000 | F8: 0.05 | G8: gray | H8: General purpose
D9: PLA | E9: 2600000 | F9: 0.05 | G9: Red | H9: General purpose
D10: PLA | E10: 2600000 | F10: 0.05 | G10: white | H10: General purpose
D11: PLA silk | E11: 2600000 | F11: 0.05 | G11: gold black | H11: General purpose
D12: PETG | E12: 3200000 | F12: 0.07 | G12: black | H12: Heat resistant
D13: TPU (95A) | E13: 2480000 | F13: 0.08 | G13: black | H13: Flexible
D14: PLA + | E14: 2600000 | F14: 0.05 | G14: Olive Green | H14: General purpose
D15: PLA + | E15: 2600000 | F15: 0.05 | G15: Pine Green | H15: General purpose
D16: PETG | E16: 3200000 | F16: 0.07 | G16: White | H16: General purpose
D17: PLA SILK | E17: 3300000 | F17: 0.05 | G17: Gold blue coper | H17: General purpose
... D23: PLA MATE | E23: 3300000 | F23: 0.05 | G23: lavander purple | H23: General purpose
D24: PLA Fast | E24: 3300000 | F24: 0.05 | G24: white
D25: petg transparent | E25: 3300000 | F25: 0.05 | G25: TRANSPARENT

Sheet Jobs
A1: Product ID | B1: Product | C1: Qty | D1: Machine | E1: Material | F1: color | G1: Wight/g | H1: Support/g | I1: Flushed/g | J1: Print/h | K1: Post Pro/h | L1: Extras | M1: Matrial/t | N1: power/t | O1: downturn/t | P1: Maintenance/t | Q1: Coloring/t | R1: overhead/t | S1: base price/t | T1: Sugested Price/t | U1: Gross margin/t | V1: margin %/t
B2: دویل گیرل اکسسوری | C2: 1 | D2: Anycubic Kobra S1- office | E2: PLA | F2: Red | G2: 13 | H2: 0 | I2: 0 | J2: 0.041666667 | K2: 0 | L2: 0 | M2: =_xlfn.LET( _xlpm.qty, C2, _xlpm.weight_g, G2 + H2 + Jobs[[#This Row],[Flushed/g]], _xlpm.material, TRIM(E2), _xlpm.price_per_kg, _xlfn.XLOOKUP(_xlpm.material, MaterialsTbl[Material], MaterialsTbl[Price_per_kg], 0), _xlpm.waste_pct, _xlfn.XLOOKUP(_xlpm.material, MaterialsTbl[Material], MaterialsTbl[Waste_pct], 0), _xlpm.qty * (_xlpm.weight_g / 1000) * _xlpm.price_per_kg * (1 + _xlpm.waste_pct) ) -> 35490 | N2: =_xlfn.LET( _xlpm.qty, C2, _xlpm.hours, J2*24, _xlpm.power_w, _xlfn.XLOOKUP(TRIM(D2), Settings!$F$4:$F$101, Settings!$G$4:$G$101, 120), _xlpm.rate, Settings!$D$4, _xlpm.qty * _xlpm.hours * (_xlpm.power_w / 1000) * _xlpm.rate ) -> 97.44 | O2: =_xlfn.LET( _xlpm.qty, C2, _xlpm.hours, J2*24, _xlpm.price, _xlfn.XLOOKUP(TRIM(D2), Settings!$F$4:$F$101, Settings!$H$4:$H$101, 0), _xlpm.life, _xlfn.XLOOKUP(TRIM(D2), Settings!$F$4:$F$101, Settings!$I$4:$I$101, 1), _xlpm.qty * _xlpm.hours * (_xlpm.price / _xlpm.life) ) -> 18800 | P2: =_xlfn.LET( _xlpm.qty, C2, _xlpm.hours, J2*24, _xlpm.price, _xlfn.XLOOKUP(TRIM(D2), Settings!$F$4:$F$101, Settings!$H$4:$H$101, 0), _xlpm.life, _xlfn.XLOOKUP(TRIM(D2), Settings!$F$4:$F$101, Settings!$I$4:$I$101, 1), _xlpm.pct, _xlfn.XLOOKUP(TRIM(D2), Settings!$F$4:$F$101, Settings!$J$4:$J$101, 0), _xlpm.qty * _xlpm.hours * (_xlpm.price / _xlpm.life * _xlpm.pct) ) -> 940 | Q2: =Jobs[[#This Row],[Post Pro/h]]*Settings!$D$18 -> 0 | R2: =(Jobs[[#This Row],[power/t]]+Jobs[[#This Row],[Matrial/t]]+Jobs[[#This Row],[downturn/t]]+Jobs[[#This Row],[Maintenance/t]]+Jobs[[#This Row],[Coloring/t]]+Jobs[[#This Row],[Extras]])*Settings!$D$12 -> 16598.232 | S2: =Jobs[[#This Row],[Matrial/t]] + Jobs[[#This Row],[power/t]] + Jobs[[#This Row],[downturn/t]] + Jobs[[#This Row],[Maintenance/t]] + Jobs[[#This Row],[Coloring/t]] + Jobs[[#This Row],[overhead/t]] + Jobs[[#This Row],[Extras]] -> 71925.672 | T2: =S2*(1+Settings!$D$5) -> 215777.02 | U2: =Jobs[[#This Row],[Sugested Price/t]] - Jobs[[#This Row],[base price/t]] -> 143851.34 | V2: =IFERROR(Jobs[[#This Row],[Gross margin/t]] / Jobs[[#This Row],[base price/t]], 0) -> 2
B3: گوشواره دینو اسکال | C3: 1 | D3: Anycubic Kobra S1- office | E3: PLA | F3: white | G3: 4.18 | H3: 2.82 | I3: 0 | J3: 0.041666667 | M3: =_xlfn.LET( _xlpm.qty, C3, _xlpm.weight_g, G3 + H3 + Jobs[[#This Row],[Flushed/g]], _xlpm.material, TRIM(E3), _xlpm.price_per_kg, _xlfn.XLOOKUP(_xlpm.material, MaterialsTbl[Material], MaterialsTbl[Price_per_kg], 0), _xlpm.waste_pct, _xlfn.XLOOKUP(_xlpm.material, MaterialsTbl[Material], MaterialsTbl[Waste_pct], 0), _xlpm.qty * (_xlpm.weight_g / 1000) * _xlpm.price_per_kg * (1 + _xlpm.waste_pct) ) -> 19110 | N3: =_xlfn.LET( _xlpm.qty, C3, _xlpm.hours, J3*24, _xlpm.power_w, _xlfn.XLOOKUP(TRIM(D3), Settings!$F$4:$F$101, Settings!$G$4:$G$101, 120), _xlpm.rate, Settings!$D$4, _xlpm.qty * _xlpm.hours * (_xlpm.power_w / 1000) * _xlpm.rate ) -> 97.44 | O3: =_xlfn.LET( _xlpm.qty, C3, _xlpm.hours, J3*24, _xlpm.price, _xlfn.XLOOKUP(TRIM(D3), Settings!$F$4:$F$101, Settings!$H$4:$H$101, 0), _xlpm.life, _xlfn.XLOOKUP(TRIM(D3), Settings!$F$4:$F$101, Settings!$I$4:$I$101, 1), _xlpm.qty * _xlpm.hours * (_xlpm.price / _xlpm.life) ) -> 18800 | P3: =_xlfn.LET( _xlpm.qty, C3, _xlpm.hours, J3*24, _xlpm.price, _xlfn.XLOOKUP(TRIM(D3), Settings!$F$4:$F$101, Settings!$H$4:$H$101, 0), _xlpm.life, _xlfn.XLOOKUP(TRIM(D3), Settings!$F$4:$F$101, Settings!$I$4:$I$101, 1), _xlpm.pct, _xlfn.XLOOKUP(TRIM(D3), Settings!$F$4:$F$101, Settings!$J$4:$J$101, 0), _xlpm.qty * _xlpm.hours * (_xlpm.price / _xlpm.life * _xlpm.pct) ) -> 940 | Q3: =Jobs[[#This Row],[Post Pro/h]]*Settings!$D$18 -> 0 | R3: =(Jobs[[#This Row],[power/t]]+Jobs[[#This Row],[Matrial/t]]+Jobs[[#This Row],[downturn/t]]+Jobs[[#This Row],[Maintenance/t]]+Jobs[[#This Row],[Coloring/t]]+Jobs[[#This Row],[Extras]])*Settings!$D$12 -> 11684.232 | S3: =Jobs[[#This Row],[Matrial/t]] + Jobs[[#This Row],[power/t]] + Jobs[[#This Row],[downturn/t]] + Jobs[[#This Row],[Maintenance/t]] + Jobs[[#This Row],[Coloring/t]] + Jobs[[#This Row],[overhead/t]] + Jobs[[#This Row],[Extras]] -> 50631.672 | T3: =S3*(1+Settings!$D$5) -> 151895.02 | U3: =Jobs[[#This Row],[Sugested Price/t]] - Jobs[[#This Row],[base price/t]] -> 101263.34 | V3: =IFERROR(Jobs[[#This Row],[Gross margin/t]] / Jobs[[#This Row],[base price/t]], 0) -> 2
B4: ست هیولا | C4: 1 | D4: Anycubic Kobra S1- office | E4: PLA | F4: Black | G4: 159 | H4: 0 | I4: 0 | J4: 0.25 | K4: 0 | M4: =_xlfn.LET( _xlpm.qty, C4, _xlpm.weight_g, G4 + H4 + Jobs[[#This Row],[Flushed/g]], _xlpm.material, TRIM(E4), _xlpm.price_per_kg, _xlfn.XLOOKUP(_xlpm.material, MaterialsTbl[Material], MaterialsTbl[Price_per_kg], 0), _xlpm.waste_pct, _xlfn.XLOOKUP(_xlpm.material, MaterialsTbl[Material], MaterialsTbl[Waste_pct], 0), _xlpm.qty * (_xlpm.weight_g / 1000) * _xlpm.price_per_kg * (1 + _xlpm.waste_pct) ) -> 434070 | N4: =_xlfn.LET( _xlpm.qty, C4, _xlpm.hours, J4*24, _xlpm.power_w, _xlfn.XLOOKUP(TRIM(D4), Settings!$F$4:$F$101, Settings!$G$4:$G$101, 120), _xlpm.rate, Settings!$D$4, _xlpm.qty * _xlpm.hours * (_xlpm.power_w / 1000) * _xlpm.rate ) -> 584.64 | O4: =_xlfn.LET( _xlpm.qty, C4, _xlpm.hours, J4*24, _xlpm.price, _xlfn.XLOOKUP(TRIM(D4), Settings!$F$4:$F$101, Settings!$H$4:$H$101, 0), _xlpm.life, _xlfn.XLOOKUP(TRIM(D4), Settings!$F$4:$F$101, Settings!$I$4:$I$101, 1), _xlpm.qty * _xlpm.hours * (_xlpm.price / _xlpm.life) ) -> 112800 | P4: =_xlfn.LET( _xlpm.qty, C4, _xlpm.hours, J4*24, _xlpm.price, _xlfn.XLOOKUP(TRIM(D4), Settings!$F$4:$F$101, Settings!$H$4:$H$101, 0), _xlpm.life, _xlfn.XLOOKUP(TRIM(D4), Settings!$F$4:$F$101, Settings!$I$4:$I$101, 1), _xlpm.pct, _xlfn.XLOOKUP(TRIM(D4), Settings!$F$4:$F$101, Settings!$J$4:$J$101, 0), _xlpm.qty * _xlpm.hours * (_xlpm.price / _xlpm.life * _xlpm.pct) ) -> 5640 | Q4: =Jobs[[#This Row],[Post Pro/h]]*Settings!$D$18 -> 0 | R4: =(Jobs[[#This Row],[power/t]]+Jobs[[#This Row],[Matrial/t]]+Jobs[[#This Row],[downturn/t]]+Jobs[[#This Row],[Maintenance/t]]+Jobs[[#This Row],[Coloring/t]]+Jobs[[#This Row],[Extras]])*Settings!$D$12 -> 165928.39 | S4: =Jobs[[#This Row],[Matrial/t]] + Jobs[[#This Row],[power/t]] + Jobs[[#This Row],[downturn/t]] + Jobs[[#This Row],[Maintenance/t]] + Jobs[[#This Row],[Coloring/t]] + Jobs[[#This Row],[overhead/t]] + Jobs[[#This Row],[Extras]] -> 719023.03 | T4: =S4*(1+Settings!$D$5) -> 2157069.1 | U4: =Jobs[[#This Row],[Sugested Price/t]] - Jobs[[#This Row],[base price/t]] -> 1438046.1 | V4: =IFERROR(Jobs[[#This Row],[Gross margin/t]] / Jobs[[#This Row],[base price/t]], 0) -> 2
B5: جای سیم حروف | C5: 1 | D5: Anycubic Kobra S1- office | E5: PLA | F5: Black | G5: 32 | H5: 0 | I5: 0 | J5: 0.083333333 | M5: =_xlfn.LET( _xlpm.qty, C5, _xlpm.weight_g, G5 + H5 + Jobs[[#This Row],[Flushed/g]], _xlpm.material, TRIM(E5), _xlpm.price_per_kg, _xlfn.XLOOKUP(_xlpm.material, MaterialsTbl[Material], MaterialsTbl[Price_per_kg], 0), _xlpm.waste_pct, _xlfn.XLOOKUP(_xlpm.material, MaterialsTbl[Material], MaterialsTbl[Waste_pct], 0), _xlpm.qty * (_xlpm.weight_g / 1000) * _xlpm.price_per_kg * (1 + _xlpm.waste_pct) ) -> 87360 | N5: =_xlfn.LET( _xlpm.qty, C5, _xlpm.hours, J5*24, _xlpm.power_w, _xlfn.XLOOKUP(TRIM(D5), Settings!$F$4:$F$101, Settings!$G$4:$G$101, 120), _xlpm.rate, Settings!$D$4, _xlpm.qty * _xlpm.hours * (_xlpm.power_w / 1000) * _xlpm.rate ) -> 194.88 | O5: =_xlfn.LET( _xlpm.qty, C5, _xlpm.hours, J5*24, _xlpm.price, _xlfn.XLOOKUP(TRIM(D5), Settings!$F$4:$F$101, Settings!$H$4:$H$101, 0), _xlpm.life, _xlfn.XLOOKUP(TRIM(D5), Settings!$F$4:$F$101, Settings!$I$4:$I$101, 1), _xlpm.qty * _xlpm.hours * (_xlpm.price / _xlpm.life) ) -> 37600 | P5: =_xlfn.LET( _xlpm.qty, C5, _xlpm.hours, J5*24, _xlpm.price, _xlfn.XLOOKUP(TRIM(D5), Settings!$F$4:$F$101, Settings!$H$4:$H$101, 0), _xlpm.life, _xlfn.XLOOKUP(TRIM(D5), Settings!$F$4:$F$101, Settings!$I$4:$I$101, 1), _xlpm.pct, _xlfn.XLOOKUP(TRIM(D5), Settings!$F$4:$F$101, Settings!$J$4:$J$101, 0), _xlpm.qty * _xlpm.hours * (_xlpm.price / _xlpm.life * _xlpm.pct) ) -> 1880 | Q5: =Jobs[[#This Row],[Post Pro/h]]*Settings!$D$18 -> 0 | R5: =(Jobs[[#This Row],[power/t]]+Jobs[[#This Row],[Matrial/t]]+Jobs[[#This Row],[downturn/t]]+Jobs[[#This Row],[Maintenance/t]]+Jobs[[#This Row],[Coloring/t]]+Jobs[[#This Row],[Extras]])*Settings!$D$12 -> 38110.464 | S5: =Jobs[[#This Row],[Matrial/t]] + Jobs[[#This Row],[power/t]] + Jobs[[#This Row],[downturn/t]] + Jobs[[#This Row],[Maintenance/t]] + Jobs[[#This Row],[Coloring/t]] + Jobs[[#This Row],[overhead/t]] + Jobs[[#This Row],[Extras]] -> 165145.34 | T5: =S5*(1+Settings!$D$5) -> 495436.03 | U5: =Jobs[[#This Row],[Sugested Price/t]] - Jobs[[#This Row],[base price/t]] -> 330290.69 | V5: =IFERROR(Jobs[[#This Row],[Gross margin/t]] / Jobs[[#This Row],[base price/t]], 0) -> 2
B6: گوشواره گل | C6: 1 | D6: Anycubic Kobra S1- office | E6: PLA | F6: white | G6: 3 | H6: 0 | I6: 0 | J6: 0.03125 | M6: =_xlfn.LET( _xlpm.qty, C6, _xlpm.weight_g, G6 + H6 + Jobs[[#This Row],[Flushed/g]], _xlpm.material, TRIM(E6), _xlpm.price_per_kg, _xlfn.XLOOKUP(_xlpm.material, MaterialsTbl[Material], MaterialsTbl[Price_per_kg], 0), _xlpm.waste_pct, _xlfn.XLOOKUP(_xlpm.material, MaterialsTbl[Material], MaterialsTbl[Waste_pct], 0), _xlpm.qty * (_xlpm.weight_g / 1000) * _xlpm.price_per_kg * (1 + _xlpm.waste_pct) ) -> 8190 | N6: =_xlfn.LET( _xlpm.qty, C6, _xlpm.hours, J6*24, _xlpm.power_w, _xlfn.XLOOKUP(TRIM(D6), Settings!$F$4:$F$101, Settings!$G$4:$G$101, 120), _xlpm.rate, Settings!$D$4, _xlpm.qty * _xlpm.hours * (_xlpm.power_w / 1000) * _xlpm.rate ) -> 73.08 | O6: =_xlfn.LET( _xlpm.qty, C6, _xlpm.hours, J6*24, _xlpm.price, _xlfn.XLOOKUP(TRIM(D6), Settings!$F$4:$F$101, Settings!$H$4:$H$101, 0), _xlpm.life, _xlfn.XLOOKUP(TRIM(D6), Settings!$F$4:$F$101, Settings!$I$4:$I$101, 1), _xlpm.qty * _xlpm.hours * (_xlpm.price / _xlpm.life) ) -> 14100 | P6: =_xlfn.LET( _xlpm.qty, C6, _xlpm.hours, J6*24, _xlpm.price, _xlfn.XLOOKUP(TRIM(D6), Settings!$F$4:$F$101, Settings!$H$4:$H$101, 0), _xlpm.life, _xlfn.XLOOKUP(TRIM(D6), Settings!$F$4:$F$101, Settings!$I$4:$I$101, 1), _xlpm.pct, _xlfn.XLOOKUP(TRIM(D6), Settings!$F$4:$F$101, Settings!$J$4:$J$101, 0), _xlpm.qty * _xlpm.hours * (_xlpm.price / _xlpm.life * _xlpm.pct) ) -> 705 | Q6: =Jobs[[#This Row],[Post Pro/h]]*Settings!$D$18 -> 0 | R6: =(Jobs[[#This Row],[power/t]]+Jobs[[#This Row],[Matrial/t]]+Jobs[[#This Row],[downturn/t]]+Jobs[[#This Row],[Maintenance/t]]+Jobs[[#This Row],[Coloring/t]]+Jobs[[#This Row],[Extras]])*Settings!$D$12 -> 6920.424 | S6: =Jobs[[#This Row],[Matrial/t]] + Jobs[[#This Row],[power/t]] + Jobs[[#This Row],[downturn/t]] + Jobs[[#This Row],[Maintenance/t]] + Jobs[[#This Row],[Coloring/t]] + Jobs[[#This Row],[overhead/t]] + Jobs[[#This Row],[Extras]] -> 29988.504 | T6: =S6*(1+Settings!$D$5) -> 89965.512 | U6: =Jobs[[#This Row],[Sugested Price/t]] - Jobs[[#This Row],[base price/t]] -> 59977.008 | V6: =IFERROR(Jobs[[#This Row],[Gross margin/t]] / Jobs[[#This Row],[base price/t]], 0) -> 2
B7: وان پیس | C7: 1 | D7: Anycubic Kobra S1- office | E7: PLA | F7: Black | G7: 21 | H7: 0 | I7: 0 | J7: 0.072916667 | M7: =_xlfn.LET( _xlpm.qty, C7, _xlpm.weight_g, G7 + H7 + Jobs[[#This Row],[Flushed/g]], _xlpm.material, TRIM(E7), _xlpm.price_per_kg, _xlfn.XLOOKUP(_xlpm.material, MaterialsTbl[Material], MaterialsTbl[Price_per_kg], 0), _xlpm.waste_pct, _xlfn.XLOOKUP(_xlpm.material, MaterialsTbl[Material], MaterialsTbl[Waste_pct], 0), _xlpm.qty * (_xlpm.weight_g / 1000) * _xlpm.price_per_kg * (1 + _xlpm.waste_pct) ) -> 57330 | N7: =_xlfn.LET( _xlpm.qty, C7, _xlpm.hours, J7*24, _xlpm.power_w, _xlfn.XLOOKUP(TRIM(D7), Settings!$F$4:$F$101, Settings!$G$4:$G$101, 120), _xlpm.rate, Settings!$D$4, _xlpm.qty * _xlpm.hours * (_xlpm.power_w / 1000) * _xlpm.rate ) -> 170.52 | O7: =_xlfn.LET( _xlpm.qty, C7, _xlpm.hours, J7*24, _xlpm.price, _xlfn.XLOOKUP(TRIM(D7), Settings!$F$4:$F$101, Settings!$H$4:$H$101, 0), _xlpm.life, _xlfn.XLOOKUP(TRIM(D7), Settings!$F$4:$F$101, Settings!$I$4:$I$101, 1), _xlpm.qty * _xlpm.hours * (_xlpm.price / _xlpm.life) ) -> 32900 | P7: =_xlfn.LET( _xlpm.qty, C7, _xlpm.hours, J7*24, _xlpm.price, _xlfn.XLOOKUP(TRIM(D7), Settings!$F$4:$F$101, Settings!$H$4:$H$101, 0), _xlpm.life, _xlfn.XLOOKUP(TRIM(D7), Settings!$F$4:$F$101, Settings!$I$4:$I$101, 1), _xlpm.pct, _xlfn.XLOOKUP(TRIM(D7), Settings!$F$4:$F$101, Settings!$J$4:$J$101, 0), _xlpm.qty * _xlpm.hours * (_xlpm.price / _xlpm.life * _xlpm.pct) ) -> 1645 | Q7: =Jobs[[#This Row],[Post Pro/h]]*Settings!$D$18 -> 0 | R7: =(Jobs[[#This Row],[power/t]]+Jobs[[#This Row],[Matrial/t]]+Jobs[[#This Row],[downturn/t]]+Jobs[[#This Row],[Maintenance/t]]+Jobs[[#This Row],[Coloring/t]]+Jobs[[#This Row],[Extras]])*Settings!$D$12 -> 27613.656 | S7: =Jobs[[#This Row],[Matrial/t]] + Jobs[[#This Row],[power/t]] + Jobs[[#This Row],[downturn/t]] + Jobs[[#This Row],[Maintenance/t]] + Jobs[[#This Row],[Coloring/t]] + Jobs[[#This Row],[overhead/t]] + Jobs[[#This Row],[Extras]] -> 119659.18 | T7: =S7*(1+Settings!$D$5) -> 358977.53 | U7: =Jobs[[#This Row],[Sugested Price/t]] - Jobs[[#This Row],[base price/t]] -> 239318.35 | V7: =IFERROR(Jobs[[#This Row],[Gross margin/t]] / Jobs[[#This Row],[base price/t]], 0) -> 2
B8: شونه موهای فر | C8: 1 | D8: Anycubic Kobra S1- office | E8: PETG | F8: Black | G8: 28 | H8: 0 | I8: 0 | J8: 0.0625 | M8: =_xlfn.LET( _xlpm.qty, C8, _xlpm.weight_g, G8 + H8 + Jobs[[#This Row],[Flushed/g]], _xlpm.material, TRIM(E8), _xlpm.price_per_kg, _xlfn.XLOOKUP(_xlpm.material, MaterialsTbl[Material], MaterialsTbl[Price_per_kg], 0), _xlpm.waste_pct, _xlfn.XLOOKUP(_xlpm.material, MaterialsTbl[Material], MaterialsTbl[Waste_pct], 0), _xlpm.qty * (_xlpm.weight_g / 1000) * _xlpm.price_per_kg * (1 + _xlpm.waste_pct) ) -> 95872 | N8: =_xlfn.LET( _xlpm.qty, C8, _xlpm.hours, J8*24, _xlpm.power_w, _xlfn.XLOOKUP(TRIM(D8), Settings!$F$4:$F$101, Settings!$G$4:$G$101, 120), _xlpm.rate, Settings!$D$4, _xlpm.qty * _xlpm.hours * (_xlpm.power_w / 1000) * _xlpm.rate ) -> 146.16 | O8: =_xlfn.LET( _xlpm.qty, C8, _xlpm.hours, J8*24, _xlpm.price, _xlfn.XLOOKUP(TRIM(D8), Settings!$F$4:$F$101, Settings!$H$4:$H$101, 0), _xlpm.life, _xlfn.XLOOKUP(TRIM(D8), Settings!$F$4:$F$101, Settings!$I$4:$I$101, 1), _xlpm.qty * _xlpm.hours * (_xlpm.price / _xlpm.life) ) -> 28200 | P8: =_xlfn.LET( _xlpm.qty, C8, _xlpm.hours, J8*24, _xlpm.price, _xlfn.XLOOKUP(TRIM(D8), Settings!$F$4:$F$101, Settings!$H$4:$H$101, 0), _xlpm.life, _xlfn.XLOOKUP(TRIM(D8), Settings!$F$4:$F$101, Settings!$I$4:$I$101, 1), _xlpm.pct, _xlfn.XLOOKUP(TRIM(D8), Settings!$F$4:$F$101, Settings!$J$4:$J$101, 0), _xlpm.qty * _xlpm.hours * (_xlpm.price / _xlpm.life * _xlpm.pct) ) -> 1410 | Q8: =Jobs[[#This Row],[Post Pro/h]]*Settings!$D$18 -> 0 | R8: =(Jobs[[#This Row],[power/t]]+Jobs[[#This Row],[Matrial/t]]+Jobs[[#This Row],[downturn/t]]+Jobs[[#This Row],[Maintenance/t]]+Jobs[[#This Row],[Coloring/t]]+Jobs[[#This Row],[Extras]])*Settings!$D$12 -> 37688.448 | S8: =Jobs[[#This Row],[Matrial/t]] + Jobs[[#This Row],[power/t]] + Jobs[[#This Row],[downturn/t]] + Jobs[[#This Row],[Maintenance/t]] + Jobs[[#This Row],[Coloring/t]] + Jobs[[#This Row],[overhead/t]] + Jobs[[#This Row],[Extras]] -> 163316.61 | T8: =S8*(1+Settings!$D$5) -> 489949.82 | U8: =Jobs[[#This Row],[Sugested Price/t]] - Jobs[[#This Row],[base price/t]] -> 326633.22 | V8: =IFERROR(Jobs[[#This Row],[Gross margin/t]] / Jobs[[#This Row],[base price/t]], 0) -> 2
B9: چای رژ لب | C9: 1 | D9: Anycubic Kobra S1- office | E9: PLA | F9: Red | G9: 23 | H9: 0 | I9: 0 | J9: 0.076388889 | M9: =_xlfn.LET( _xlpm.qty, C9, _xlpm.weight_g, G9 + H9 + Jobs[[#This Row],[Flushed/g]], _xlpm.material, TRIM(E9), _xlpm.price_per_kg, _xlfn.XLOOKUP(_xlpm.material, MaterialsTbl[Material], MaterialsTbl[Price_per_kg], 0), _xlpm.waste_pct, _xlfn.XLOOKUP(_xlpm.material, MaterialsTbl[Material], MaterialsTbl[Waste_pct], 0), _xlpm.qty * (_xlpm.weight_g / 1000) * _xlpm.price_per_kg * (1 + _xlpm.waste_pct) ) -> 62790 | N9: =_xlfn.LET( _xlpm.qty, C9, _xlpm.hours, J9*24, _xlpm.power_w, _xlfn.XLOOKUP(TRIM(D9), Settings!$F$4:$F$101, Settings!$G$4:$G$101, 120), _xlpm.rate, Settings!$D$4, _xlpm.qty * _xlpm.hours * (_xlpm.power_w / 1000) * _xlpm.rate ) -> 178.64 | O9: =_xlfn.LET( _xlpm.qty, C9, _xlpm.hours, J9*24, _xlpm.price, _xlfn.XLOOKUP(TRIM(D9), Settings!$F$4:$F$101, Settings!$H$4:$H$101, 0), _xlpm.life, _xlfn.XLOOKUP(TRIM(D9), Settings!$F$4:$F$101, Settings!$I$4:$I$101, 1), _xlpm.qty * _xlpm.hours * (_xlpm.price / _xlpm.life) ) -> 34466.667 | P9: =_xlfn.LET( _xlpm.qty, C9, _xlpm.hours, J9*24, _xlpm.price, _xlfn.XLOOKUP(TRIM(D9), Settings!$F$4:$F$101, Settings!$H$4:$H$101, 0), _xlpm.life, _xlfn.XLOOKUP(TRIM(D9), Settings!$F$4:$F$101, Settings!$I$4:$I$101, 1), _xlpm.pct, _xlfn.XLOOKUP(TRIM(D9), Settings!$F$4:$F$101, Settings!$J$4:$J$101, 0), _xlpm.qty * _xlpm.hours * (_xlpm.price / _xlpm.life * _xlpm.pct) ) -> 1723.3333 | Q9: =Jobs[[#This Row],[Post Pro/h]]*Settings!$D$18 -> 0 | R9: =(Jobs[[#This Row],[power/t]]+Jobs[[#This Row],[Matrial/t]]+Jobs[[#This Row],[downturn/t]]+Jobs[[#This Row],[Maintenance/t]]+Jobs[[#This Row],[Coloring/t]]+Jobs[[#This Row],[Extras]])*Settings!$D$12 -> 29747.592 | S9: =Jobs[[#This Row],[Matrial/t]] + Jobs[[#This Row],[power/t]] + Jobs[[#This Row],[downturn/t]] + Jobs[[#This Row],[Maintenance/t]] + Jobs[[#This Row],[Coloring/t]] + Jobs[[#This Row],[overhead/t]] + Jobs[[#This Row],[Extras]] -> 128906.23 | T9: =S9*(1+Settings!$D$5) -> 386718.7 | U9: =Jobs[[#This Row],[Sugested Price/t]] - Jobs[[#This Row],[base price/t]] -> 257812.46 | V9: =IFERROR(Jobs[[#This Row],[Gross margin/t]] / Jobs[[#This Row],[base price/t]], 0) -> 2
B10: فیدجت | C10: 1 | D10: Anycubic Kobra S1- office | E10: PLA | F10: Black | G10: 20 | H10: 0 | I10: 0 | J10: 0.041666667 | M10: =_xlfn.LET( _xlpm.qty, C10, _xlpm.weight_g, G10 + H10 + Jobs[[#This Row],[Flushed/g]], _xlpm.material, TRIM(E10), _xlpm.price_per_kg, _xlfn.XLOOKUP(_xlpm.material, MaterialsTbl[Material], MaterialsTbl[Price_per_kg], 0), _xlpm.waste_pct, _xlfn.XLOOKUP(_xlpm.material, MaterialsTbl[Material], MaterialsTbl[Waste_pct], 0), _xlpm.qty * (_xlpm.weight_g / 1000) * _xlpm.price_per_kg * (1 + _xlpm.waste_pct) ) -> 54600 | N10: =_xlfn.LET( _xlpm.qty, C10, _xlpm.hours, J10*24, _xlpm.power_w, _xlfn.XLOOKUP(TRIM(D10), Settings!$F$4:$F$101, Settings!$G$4:$G$101, 120), _xlpm.rate, Settings!$D$4, _xlpm.qty * _xlpm.hours * (_xlpm.power_w / 1000) * _xlpm.rate ) -> 97.44 | O10: =_xlfn.LET( _xlpm.qty, C10, _xlpm.hours, J10*24, _xlpm.price, _xlfn.XLOOKUP(TRIM(D10), Settings!$F$4:$F$101, Settings!$H$4:$H$101, 0), _xlpm.life, _xlfn.XLOOKUP(TRIM(D10), Settings!$F$4:$F$101, Settings!$I$4:$I$101, 1), _xlpm.qty * _xlpm.hours * (_xlpm.price / _xlpm.life) ) -> 18800 | P10: =_xlfn.LET( _xlpm.qty, C10, _xlpm.hours, J10*24, _xlpm.price, _xlfn.XLOOKUP(TRIM(D10), Settings!$F$4:$F$101, Settings!$H$4:$H$101, 0), _xlpm.life, _xlfn.XLOOKUP(TRIM(D10), Settings!$F$4:$F$101, Settings!$I$4:$I$101, 1), _xlpm.pct, _xlfn.XLOOKUP(TRIM(D10), Settings!$F$4:$F$101, Settings!$J$4:$J$101, 0), _xlpm.qty * _xlpm.hours * (_xlpm.price / _xlpm.life * _xlpm.pct) ) -> 940 | Q10: =Jobs[[#This Row],[Post Pro/h]]*Settings!$D$18 -> 0 | R10: =(Jobs[[#This Row],[power/t]]+Jobs[[#This Row],[Matrial/t]]+Jobs[[#This Row],[downturn/t]]+Jobs[[#This Row],[Maintenance/t]]+Jobs[[#This Row],[Coloring/t]]+Jobs[[#This Row],[Extras]])*Settings!$D$12 -> 22331.232 | S10: =Jobs[[#This Row],[Matrial/t]] + Jobs[[#This Row],[power/t]] + Jobs[[#This Row],[downturn/t]] + Jobs[[#This Row],[Maintenance/t]] + Jobs[[#This Row],[Coloring/t]] + Jobs[[#This Row],[overhead/t]] + Jobs[[#This Row],[Extras]] -> 96768.672 | T10: =S10*(1+Settings!$D$5) -> 290306.02 | U10: =Jobs[[#This Row],[Sugested Price/t]] - Jobs[[#This Row],[base price/t]] -> 193537.34 | V10: =IFERROR(Jobs[[#This Row],[Gross margin/t]] / Jobs[[#This Row],[base price/t]], 0) -> 2
B11: چای کابل بال | C11: 1 | D11: Anycubic Kobra S1- office | E11: PLA | F11: Black | G11: 11 | J11: 0.055555556 | M11: =_xlfn.LET( _xlpm.qty, C11, _xlpm.weight_g, G11 + H11 + Jobs[[#This Row],[Flushed/g]], _xlpm.material, TRIM(E11), _xlpm.price_per_kg, _xlfn.XLOOKUP(_xlpm.material, MaterialsTbl[Material], MaterialsTbl[Price_per_kg], 0), _xlpm.waste_pct, _xlfn.XLOOKUP(_xlpm.material, MaterialsTbl[Material], MaterialsTbl[Waste_pct], 0), _xlpm.qty * (_xlpm.weight_g / 1000) * _xlpm.price_per_kg * (1 + _xlpm.waste_pct) ) -> 30030 | N11: =_xlfn.LET( _xlpm.qty, C11, _xlpm.hours, J11*24, _xlpm.power_w, _xlfn.XLOOKUP(TRIM(D11), Settings!$F$4:$F$101, Settings!$G$4:$G$101, 120), _xlpm.rate, Settings!$D$4, _xlpm.qty * _xlpm.hours * (_xlpm.power_w / 1000) * _xlpm.rate ) -> 129.92 | O11: =_xlfn.LET( _xlpm.qty, C11, _xlpm.hours, J11*24, _xlpm.price, _xlfn.XLOOKUP(TRIM(D11), Settings!$F$4:$F$101, Settings!$H$4:$H$101, 0), _xlpm.life, _xlfn.XLOOKUP(TRIM(D11), Settings!$F$4:$F$101, Settings!$I$4:$I$101, 1), _xlpm.qty * _xlpm.hours * (_xlpm.price / _xlpm.life) ) -> 25066.667 | P11: =_xlfn.LET( _xlpm.qty, C11, _xlpm.hours, J11*24, _xlpm.price, _xlfn.XLOOKUP(TRIM(D11), Settings!$F$4:$F$101, Settings!$H$4:$H$101, 0), _xlpm.life, _xlfn.XLOOKUP(TRIM(D11), Settings!$F$4:$F$101, Settings!$I$4:$I$101, 1), _xlpm.pct, _xlfn.XLOOKUP(TRIM(D11), Settings!$F$4:$F$101, Settings!$J$4:$J$101, 0), _xlpm.qty * _xlpm.hours * (_xlpm.price / _xlpm.life * _xlpm.pct) ) -> 1253.3333 | Q11: =Jobs[[#This Row],[Post Pro/h]]*Settings!$D$18 -> 0 | R11: =(Jobs[[#This Row],[power/t]]+Jobs[[#This Row],[Matrial/t]]+Jobs[[#This Row],[downturn/t]]+Jobs[[#This Row],[Maintenance/t]]+Jobs[[#This Row],[Coloring/t]]+Jobs[[#This Row],[Extras]])*Settings!$D$12 -> 16943.976 | S11: =Jobs[[#This Row],[Matrial/t]] + Jobs[[#This Row],[power/t]] + Jobs[[#This Row],[downturn/t]] + Jobs[[#This Row],[Maintenance/t]] + Jobs[[#This Row],[Coloring/t]] + Jobs[[#This Row],[overhead/t]] + Jobs[[#This Row],[Extras]] -> 73423.896 | T11: =S11*(1+Settings!$D$5) -> 220271.69 | U11: =Jobs[[#This Row],[Sugested Price/t]] - Jobs[[#This Row],[base price/t]] -> 146847.79 | V11: =IFERROR(Jobs[[#This Row],[Gross margin/t]] / Jobs[[#This Row],[base price/t]], 0) -> 2
B12: طرح نایک | C12: 1 | D12: Anycubic Kobra S1- office | E12: PLA | F12: Black | G12: 4.5 | H12: 0 | I12: 0 | J12: 0.020833333 | M12: =_xlfn.LET( _xlpm.qty, C12, _xlpm.weight_g, G12 + H12 + Jobs[[#This Row],[Flushed/g]], _xlpm.material, TRIM(E12), _xlpm.price_per_kg, _xlfn.XLOOKUP(_xlpm.material, MaterialsTbl[Material], MaterialsTbl[Price_per_kg], 0), _xlpm.waste_pct, _xlfn.XLOOKUP(_xlpm.material, MaterialsTbl[Material], MaterialsTbl[Waste_pct], 0), _xlpm.qty * (_xlpm.weight_g / 1000) * _xlpm.price_per_kg * (1 + _xlpm.waste_pct) ) -> 12285 | N12: =_xlfn.LET( _xlpm.qty, C12, _xlpm.hours, J12*24, _xlpm.power_w, _xlfn.XLOOKUP(TRIM(D12), Settings!$F$4:$F$101, Settings!$G$4:$G$101, 120), _xlpm.rate, Settings!$D$4, _xlpm.qty * _xlpm.hours * (_xlpm.power_w / 1000) * _xlpm.rate ) -> 48.72 | O12: =_xlfn.LET( _xlpm.qty, C12, _xlpm.hours, J12*24, _xlpm.price, _xlfn.XLOOKUP(TRIM(D12), Settings!$F$4:$F$101, Settings!$H$4:$H$101, 0), _xlpm.life, _xlfn.XLOOKUP(TRIM(D12), Settings!$F$4:$F$101, Settings!$I$4:$I$101, 1), _xlpm.qty * _xlpm.hours * (_xlpm.price / _xlpm.life) ) -> 9400 | P12: =_xlfn.LET( _xlpm.qty, C12, _xlpm.hours, J12*24, _xlpm.price, _xlfn.XLOOKUP(TRIM(D12), Settings!$F$4:$F$101, Settings!$H$4:$H$101, 0), _xlpm.life, _xlfn.XLOOKUP(TRIM(D12), Settings!$F$4:$F$101, Settings!$I$4:$I$101, 1), _xlpm.pct, _xlfn.XLOOKUP(TRIM(D12), Settings!$F$4:$F$101, Settings!$J$4:$J$101, 0), _xlpm.qty * _xlpm.hours * (_xlpm.price / _xlpm.life * _xlpm.pct) ) -> 470 | Q12: =Jobs[[#This Row],[Post Pro/h]]*Settings!$D$18 -> 0 | R12: =(Jobs[[#This Row],[power/t]]+Jobs[[#This Row],[Matrial/t]]+Jobs[[#This Row],[downturn/t]]+Jobs[[#This Row],[Maintenance/t]]+Jobs[[#This Row],[Coloring/t]]+Jobs[[#This Row],[Extras]])*Settings!$D$12 -> 6661.116 | S12: =Jobs[[#This Row],[Matrial/t]] + Jobs[[#This Row],[power/t]] + Jobs[[#This Row],[downturn/t]] + Jobs[[#This Row],[Maintenance/t]] + Jobs[[#This Row],[Coloring/t]] + Jobs[[#This Row],[overhead/t]] + Jobs[[#This Row],[Extras]] -> 28864.836 | T12: =S12*(1+Settings!$D$5) -> 86594.508 | U12: =Jobs[[#This Row],[Sugested Price/t]] - Jobs[[#This Row],[base price/t]] -> 57729.672 | V12: =IFERROR(Jobs[[#This Row],[Gross margin/t]] / Jobs[[#This Row],[base price/t]], 0) -> 2
B13: گوشواره روتاری | C13: 2 | D13: Anycubic Kobra S1- office | E13: PLA | F13: Black | G13: 5 | J13: 0.03125 | M13: =_xlfn.LET( _xlpm.qty, C13, _xlpm.weight_g, G13 + H13 + Jobs[[#This Row],[Flushed/g]], _xlpm.material, TRIM(E13), _xlpm.price_per_kg, _xlfn.XLOOKUP(_xlpm.material, MaterialsTbl[Material], MaterialsTbl[Price_per_kg], 0), _xlpm.waste_pct, _xlfn.XLOOKUP(_xlpm.material, MaterialsTbl[Material], MaterialsTbl[Waste_pct], 0), _xlpm.qty * (_xlpm.weight_g / 1000) * _xlpm.price_per_kg * (1 + _xlpm.waste_pct) ) -> 27300 | N13: =_xlfn.LET( _xlpm.qty, C13, _xlpm.hours, J13*24, _xlpm.power_w, _xlfn.XLOOKUP(TRIM(D13), Settings!$F$4:$F$101, Settings!$G$4:$G$101, 120), _xlpm.rate, Settings!$D$4, _xlpm.qty * _xlpm.hours * (_xlpm.power_w / 1000) * _xlpm.rate ) -> 146.16 | O13: =_xlfn.LET( _xlpm.qty, C13, _xlpm.hours, J13*24, _xlpm.price, _xlfn.XLOOKUP(TRIM(D13), Settings!$F$4:$F$101, Settings!$H$4:$H$101, 0), _xlpm.life, _xlfn.XLOOKUP(TRIM(D13), Settings!$F$4:$F$101, Settings!$I$4:$I$101, 1), _xlpm.qty * _xlpm.hours * (_xlpm.price / _xlpm.life) ) -> 28200 | P13: =_xlfn.LET( _xlpm.qty, C13, _xlpm.hours, J13*24, _xlpm.price, _xlfn.XLOOKUP(TRIM(D13), Settings!$F$4:$F$101, Settings!$H$4:$H$101, 0), _xlpm.life, _xlfn.XLOOKUP(TRIM(D13), Settings!$F$4:$F$101, Settings!$I$4:$I$101, 1), _xlpm.pct, _xlfn.XLOOKUP(TRIM(D13), Settings!$F$4:$F$101, Settings!$J$4:$J$101, 0), _xlpm.qty * _xlpm.hours * (_xlpm.price / _xlpm.life * _xlpm.pct) ) -> 1410 | Q13: =Jobs[[#This Row],[Post Pro/h]]*Settings!$D$18 -> 0 | R13: =(Jobs[[#This Row],[power/t]]+Jobs[[#This Row],[Matrial/t]]+Jobs[[#This Row],[downturn/t]]+Jobs[[#This Row],[Maintenance/t]]+Jobs[[#This Row],[Coloring/t]]+Jobs[[#This Row],[Extras]])*Settings!$D$12 -> 17116.848 | S13: =Jobs[[#This Row],[Matrial/t]] + Jobs[[#This Row],[power/t]] + Jobs[[#This Row],[downturn/t]] + Jobs[[#This Row],[Maintenance/t]] + Jobs[[#This Row],[Coloring/t]] + Jobs[[#This Row],[overhead/t]] + Jobs[[#This Row],[Extras]] -> 74173.008 | T13: =S13*(1+Settings!$D$5) -> 222519.02 | U13: =Jobs[[#This Row],[Sugested Price/t]] - Jobs[[#This Row],[base price/t]] -> 148346.02 | V13: =IFERROR(Jobs[[#This Row],[Gross margin/t]] / Jobs[[#This Row],[base price/t]], 0) -> 2
B14: کلاه کابویی | C14: 1 | D14: Anycubic Kobra S1- office | E14: PLA | F14: Black | G14: 6 | J14: 0.03125 | M14: =_xlfn.LET( _xlpm.qty, C14, _xlpm.weight_g, G14 + H14 + Jobs[[#This Row],[Flushed/g]], _xlpm.material, TRIM(E14), _xlpm.price_per_kg, _xlfn.XLOOKUP(_xlpm.material, MaterialsTbl[Material], MaterialsTbl[Price_per_kg], 0), _xlpm.waste_pct, _xlfn.XLOOKUP(_xlpm.material, MaterialsTbl[Material], MaterialsTbl[Waste_pct], 0), _xlpm.qty * (_xlpm.weight_g / 1000) * _xlpm.price_per_kg * (1 + _xlpm.waste_pct) ) -> 16380 | N14: =_xlfn.LET( _xlpm.qty, C14, _xlpm.hours, J14*24, _xlpm.power_w, _xlfn.XLOOKUP(TRIM(D14), Settings!$F$4:$F$101, Settings!$G$4:$G$101, 120), _xlpm.rate, Settings!$D$4, _xlpm.qty * _xlpm.hours * (_xlpm.power_w / 1000) * _xlpm.rate ) -> 73.08 | O14: =_xlfn.LET( _xlpm.qty, C14, _xlpm.hours, J14*24, _xlpm.price, _xlfn.XLOOKUP(TRIM(D14), Settings!$F$4:$F$101, Settings!$H$4:$H$101, 0), _xlpm.life, _xlfn.XLOOKUP(TRIM(D14), Settings!$F$4:$F$101, Settings!$I$4:$I$101, 1), _xlpm.qty * _xlpm.hours * (_xlpm.price / _xlpm.life) ) -> 14100 | P14: =_xlfn.LET( _xlpm.qty, C14, _xlpm.hours, J14*24, _xlpm.price, _xlfn.XLOOKUP(TRIM(D14), Settings!$F$4:$F$101, Settings!$H$4:$H$101, 0), _xlpm.life, _xlfn.XLOOKUP(TRIM(D14), Settings!$F$4:$F$101, Settings!$I$4:$I$101, 1), _xlpm.pct, _xlfn.XLOOKUP(TRIM(D14), Settings!$F$4:$F$101, Settings!$J$4:$J$101, 0), _xlpm.qty * _xlpm.hours * (_xlpm.price / _xlpm.life * _xlpm.pct) ) -> 705 | Q14: =Jobs[[#This Row],[Post Pro/h]]*Settings!$D$18 -> 0 | R14: =(Jobs[[#This Row],[power/t]]+Jobs[[#This Row],[Matrial/t]]+Jobs[[#This Row],[downturn/t]]+Jobs[[#This Row],[Maintenance/t]]+Jobs[[#This Row],[Coloring/t]]+Jobs[[#This Row],[Extras]])*Settings!$D$12 -> 9377.424 | S14: =Jobs[[#This Row],[Matrial/t]] + Jobs[[#This Row],[power/t]] + Jobs[[#This Row],[downturn/t]] + Jobs[[#This Row],[Maintenance/t]] + Jobs[[#This Row],[Coloring/t]] + Jobs[[#This Row],[overhead/t]] + Jobs[[#This Row],[Extras]] -> 40635.504 | T14: =S14*(1+Settings!$D$5) -> 121906.51 | U14: =Jobs[[#This Row],[Sugested Price/t]] - Jobs[[#This Row],[base price/t]] -> 81271.008 | V14: =IFERROR(Jobs[[#This Row],[Gross margin/t]] / Jobs[[#This Row],[base price/t]], 0) -> 2
B15: شیپ طوری | C15: 1 | D15: Anycubic Kobra S1- office | E15: PLA | F15: Black | G15: 7 | J15: 0.024305556 | M15: =_xlfn.LET( _xlpm.qty, C15, _xlpm.weight_g, G15 + H15 + Jobs[[#This Row],[Flushed/g]], _xlpm.material, TRIM(E15), _xlpm.price_per_kg, _xlfn.XLOOKUP(_xlpm.material, MaterialsTbl[Material], MaterialsTbl[Price_per_kg], 0), _xlpm.waste_pct, _xlfn.XLOOKUP(_xlpm.material, MaterialsTbl[Material], MaterialsTbl[Waste_pct], 0), _xlpm.qty * (_xlpm.weight_g / 1000) * _xlpm.price_per_kg * (1 + _xlpm.waste_pct) ) -> 19110 | N15: =_xlfn.LET( _xlpm.qty, C15, _xlpm.hours, J15*24, _xlpm.power_w, _xlfn.XLOOKUP(TRIM(D15), Settings!$F$4:$F$101, Settings!$G$4:$G$101, 120), _xlpm.rate, Settings!$D$4, _xlpm.qty * _xlpm.hours * (_xlpm.power_w / 1000) * _xlpm.rate ) -> 56.84 | O15: =_xlfn.LET( _xlpm.qty, C15, _xlpm.hours, J15*24, _xlpm.price, _xlfn.XLOOKUP(TRIM(D15), Settings!$F$4:$F$101, Settings!$H$4:$H$101, 0), _xlpm.life, _xlfn.XLOOKUP(TRIM(D15), Settings!$F$4:$F$101, Settings!$I$4:$I$101, 1), _xlpm.qty * _xlpm.hours * (_xlpm.price / _xlpm.life) ) -> 10966.667 | P15: =_xlfn.LET( _xlpm.qty, C15, _xlpm.hours, J15*24, _xlpm.price, _xlfn.XLOOKUP(TRIM(D15), Settings!$F$4:$F$101, Settings!$H$4:$H$101, 0), _xlpm.life, _xlfn.XLOOKUP(TRIM(D15), Settings!$F$4:$F$101, Settings!$I$4:$I$101, 1), _xlpm.pct, _xlfn.XLOOKUP(TRIM(D15), Settings!$F$4:$F$101, Settings!$J$4:$J$101, 0), _xlpm.qty * _xlpm.hours * (_xlpm.price / _xlpm.life * _xlpm.pct) ) -> 548.33333 | Q15: =Jobs[[#This Row],[Post Pro/h]]*Settings!$D$18 -> 0 | R15: =(Jobs[[#This Row],[power/t]]+Jobs[[#This Row],[Matrial/t]]+Jobs[[#This Row],[downturn/t]]+Jobs[[#This Row],[Maintenance/t]]+Jobs[[#This Row],[Coloring/t]]+Jobs[[#This Row],[Extras]])*Settings!$D$12 -> 9204.552 | S15: =Jobs[[#This Row],[Matrial/t]] + Jobs[[#This Row],[power/t]] + Jobs[[#This Row],[downturn/t]] + Jobs[[#This Row],[Maintenance/t]] + Jobs[[#This Row],[Coloring/t]] + Jobs[[#This Row],[overhead/t]] + Jobs[[#This Row],[Extras]] -> 39886.392 | T15: =S15*(1+Settings!$D$5) -> 119659.18 | U15: =Jobs[[#This Row],[Sugested Price/t]] - Jobs[[#This Row],[base price/t]] -> 79772.784 | V15: =IFERROR(Jobs[[#This Row],[Gross margin/t]] / Jobs[[#This Row],[base price/t]], 0) -> 2
B16: کلیپس پروانه | C16: 1 | D16: Anycubic Kobra S1- office | E16: PLA | F16: Black | G16: 16 | H16: 8 | J16: 0.09375 | M16: =_xlfn.LET( _xlpm.qty, C16, _xlpm.weight_g, G16 + H16 + Jobs[[#This Row],[Flushed/g]], _xlpm.material, TRIM(E16), _xlpm.price_per_kg, _xlfn.XLOOKUP(_xlpm.material, MaterialsTbl[Material], MaterialsTbl[Price_per_kg], 0), _xlpm.waste_pct, _xlfn.XLOOKUP(_xlpm.material, MaterialsTbl[Material], MaterialsTbl[Waste_pct], 0), _xlpm.qty * (_xlpm.weight_g / 1000) * _xlpm.price_per_kg * (1 + _xlpm.waste_pct) ) -> 65520 | N16: =_xlfn.LET( _xlpm.qty, C16, _xlpm.hours, J16*24, _xlpm.power_w, _xlfn.XLOOKUP(TRIM(D16), Settings!$F$4:$F$101, Settings!$G$4:$G$101, 120), _xlpm.rate, Settings!$D$4, _xlpm.qty * _xlpm.hours * (_xlpm.power_w / 1000) * _xlpm.rate ) -> 219.24 | O16: =_xlfn.LET( _xlpm.qty, C16, _xlpm.hours, J16*24, _xlpm.price, _xlfn.XLOOKUP(TRIM(D16), Settings!$F$4:$F$101, Settings!$H$4:$H$101, 0), _xlpm.life, _xlfn.XLOOKUP(TRIM(D16), Settings!$F$4:$F$101, Settings!$I$4:$I$101, 1), _xlpm.qty * _xlpm.hours * (_xlpm.price / _xlpm.life) ) -> 42300 | P16: =_xlfn.LET( _xlpm.qty, C16, _xlpm.hours, J16*24, _xlpm.price, _xlfn.XLOOKUP(TRIM(D16), Settings!$F$4:$F$101, Settings!$H$4:$H$101, 0), _xlpm.life, _xlfn.XLOOKUP(TRIM(D16), Settings!$F$4:$F$101, Settings!$I$4:$I$101, 1), _xlpm.pct, _xlfn.XLOOKUP(TRIM(D16), Settings!$F$4:$F$101, Settings!$J$4:$J$101, 0), _xlpm.qty * _xlpm.hours * (_xlpm.price / _xlpm.life * _xlpm.pct) ) -> 2115 | Q16: =Jobs[[#This Row],[Post Pro/h]]*Settings!$D$18 -> 0 | R16: =(Jobs[[#This Row],[power/t]]+Jobs[[#This Row],[Matrial/t]]+Jobs[[#This Row],[downturn/t]]+Jobs[[#This Row],[Maintenance/t]]+Jobs[[#This Row],[Coloring/t]]+Jobs[[#This Row],[Extras]])*Settings!$D$12 -> 33046.272 | S16: =Jobs[[#This Row],[Matrial/t]] + Jobs[[#This Row],[power/t]] + Jobs[[#This Row],[downturn/t]] + Jobs[[#This Row],[Maintenance/t]] + Jobs[[#This Row],[Coloring/t]] + Jobs[[#This Row],[overhead/t]] + Jobs[[#This Row],[Extras]] -> 143200.51 | T16: =S16*(1+Settings!$D$5) -> 429601.54 | U16: =Jobs[[#This Row],[Sugested Price/t]] - Jobs[[#This Row],[base price/t]] -> 286401.02 | V16: =IFERROR(Jobs[[#This Row],[Gross margin/t]] / Jobs[[#This Row],[base price/t]], 0) -> 2
B17: گوشواره دیویل ور پرادا | C17: 1 | D17: Anycubic Kobra S1- office | E17: PLA | F17: Black | G17: 151 | J17: 0.30208333 | M17: =_xlfn.LET( _xlpm.qty, C17, _xlpm.weight_g, G17 + H17 + Jobs[[#This Row],[Flushed/g]], _xlpm.material, TRIM(E17), _xlpm.price_per_kg, _xlfn.XLOOKUP(_xlpm.material, MaterialsTbl[Material], MaterialsTbl[Price_per_kg], 0), _xlpm.waste_pct, _xlfn.XLOOKUP(_xlpm.material, MaterialsTbl[Material], MaterialsTbl[Waste_pct], 0), _xlpm.qty * (_xlpm.weight_g / 1000) * _xlpm.price_per_kg * (1 + _xlpm.waste_pct) ) -> 412230 | N17: =_xlfn.LET( _xlpm.qty, C17, _xlpm.hours, J17*24, _xlpm.power_w, _xlfn.XLOOKUP(TRIM(D17), Settings!$F$4:$F$101, Settings!$G$4:$G$101, 120), _xlpm.rate, Settings!$D$4, _xlpm.qty * _xlpm.hours * (_xlpm.power_w / 1000) * _xlpm.rate ) -> 706.44 | O17: =_xlfn.LET( _xlpm.qty, C17, _xlpm.hours, J17*24, _xlpm.price, _xlfn.XLOOKUP(TRIM(D17), Settings!$F$4:$F$101, Settings!$H$4:$H$101, 0), _xlpm.life, _xlfn.XLOOKUP(TRIM(D17), Settings!$F$4:$F$101, Settings!$I$4:$I$101, 1), _xlpm.qty * _xlpm.hours * (_xlpm.price / _xlpm.life) ) -> 136300 | P17: =_xlfn.LET( _xlpm.qty, C17, _xlpm.hours, J17*24, _xlpm.price, _xlfn.XLOOKUP(TRIM(D17), Settings!$F$4:$F$101, Settings!$H$4:$H$101, 0), _xlpm.life, _xlfn.XLOOKUP(TRIM(D17), Settings!$F$4:$F$101, Settings!$I$4:$I$101, 1), _xlpm.pct, _xlfn.XLOOKUP(TRIM(D17), Settings!$F$4:$F$101, Settings!$J$4:$J$101, 0), _xlpm.qty * _xlpm.hours * (_xlpm.price / _xlpm.life * _xlpm.pct) ) -> 6815 | Q17: =Jobs[[#This Row],[Post Pro/h]]*Settings!$D$18 -> 0 | R17: =(Jobs[[#This Row],[power/t]]+Jobs[[#This Row],[Matrial/t]]+Jobs[[#This Row],[downturn/t]]+Jobs[[#This Row],[Maintenance/t]]+Jobs[[#This Row],[Coloring/t]]+Jobs[[#This Row],[Extras]])*Settings!$D$12 -> 166815.43 | S17: =Jobs[[#This Row],[Matrial/t]] + Jobs[[#This Row],[power/t]] + Jobs[[#This Row],[downturn/t]] + Jobs[[#This Row],[Maintenance/t]] + Jobs[[#This Row],[Coloring/t]] + Jobs[[#This Row],[overhead/t]] + Jobs[[#This Row],[Extras]] -> 722866.87 | T17: =S17*(1+Settings!$D$5) -> 2168600.6 | U17: =Jobs[[#This Row],[Sugested Price/t]] - Jobs[[#This Row],[base price/t]] -> 1445733.7 | V17: =IFERROR(Jobs[[#This Row],[Gross margin/t]] / Jobs[[#This Row],[base price/t]], 0) -> 2
B18: انگشتر ژرمن شپرد | C18: 1 | D18: Anycubic Kobra S1- office | E18: PLA | F18: white | G18: 2 | J18: 0.020833333 | K18: 0 | L18: 150000 | M18: =_xlfn.LET( _xlpm.qty, C18, _xlpm.weight_g, G18 + H18 + Jobs[[#This Row],[Flushed/g]], _xlpm.material, TRIM(E18), _xlpm.price_per_kg, _xlfn.XLOOKUP(_xlpm.material, MaterialsTbl[Material], MaterialsTbl[Price_per_kg], 0), _xlpm.waste_pct, _xlfn.XLOOKUP(_xlpm.material, MaterialsTbl[Material], MaterialsTbl[Waste_pct], 0), _xlpm.qty * (_xlpm.weight_g / 1000) * _xlpm.price_per_kg * (1 + _xlpm.waste_pct) ) -> 5460 | N18: =_xlfn.LET( _xlpm.qty, C18, _xlpm.hours, J18*24, _xlpm.power_w, _xlfn.XLOOKUP(TRIM(D18), Settings!$F$4:$F$101, Settings!$G$4:$G$101, 120), _xlpm.rate, Settings!$D$4, _xlpm.qty * _xlpm.hours * (_xlpm.power_w / 1000) * _xlpm.rate ) -> 48.72 | O18: =_xlfn.LET( _xlpm.qty, C18, _xlpm.hours, J18*24, _xlpm.price, _xlfn.XLOOKUP(TRIM(D18), Settings!$F$4:$F$101, Settings!$H$4:$H$101, 0), _xlpm.life, _xlfn.XLOOKUP(TRIM(D18), Settings!$F$4:$F$101, Settings!$I$4:$I$101, 1), _xlpm.qty * _xlpm.hours * (_xlpm.price / _xlpm.life) ) -> 9400 | P18: =_xlfn.LET( _xlpm.qty, C18, _xlpm.hours, J18*24, _xlpm.price, _xlfn.XLOOKUP(TRIM(D18), Settings!$F$4:$F$101, Settings!$H$4:$H$101, 0), _xlpm.life, _xlfn.XLOOKUP(TRIM(D18), Settings!$F$4:$F$101, Settings!$I$4:$I$101, 1), _xlpm.pct, _xlfn.XLOOKUP(TRIM(D18), Settings!$F$4:$F$101, Settings!$J$4:$J$101, 0), _xlpm.qty * _xlpm.hours * (_xlpm.price / _xlpm.life * _xlpm.pct) ) -> 470 | Q18: =Jobs[[#This Row],[Post Pro/h]]*Settings!$D$18 -> 0 | R18: =(Jobs[[#This Row],[power/t]]+Jobs[[#This Row],[Matrial/t]]+Jobs[[#This Row],[downturn/t]]+Jobs[[#This Row],[Maintenance/t]]+Jobs[[#This Row],[Coloring/t]]+Jobs[[#This Row],[Extras]])*Settings!$D$12 -> 49613.616 | S18: =Jobs[[#This Row],[Matrial/t]] + Jobs[[#This Row],[power/t]] + Jobs[[#This Row],[downturn/t]] + Jobs[[#This Row],[Maintenance/t]] + Jobs[[#This Row],[Coloring/t]] + Jobs[[#This Row],[overhead/t]] + Jobs[[#This Row],[Extras]] -> 214992.34 | T18: =S18*(1+Settings!$D$5) -> 644977.01 | U18: =Jobs[[#This Row],[Sugested Price/t]] - Jobs[[#This Row],[base price/t]] -> 429984.67 | V18: =IFERROR(Jobs[[#This Row],[Gross margin/t]] / Jobs[[#This Row],[base price/t]], 0) -> 2
B19: گوشواره دلفین | C19: 1 | D19: Anycubic Kobra S1- office | E19: PLA | F19: Black | M19: =_xlfn.LET( _xlpm.qty, C19, _xlpm.weight_g, G19 + H19 + Jobs[[#This Row],[Flushed/g]], _xlpm.material, TRIM(E19), _xlpm.price_per_kg, _xlfn.XLOOKUP(_xlpm.material, MaterialsTbl[Material], MaterialsTbl[Price_per_kg], 0), _xlpm.waste_pct, _xlfn.XLOOKUP(_xlpm.material, MaterialsTbl[Material], MaterialsTbl[Waste_pct], 0), _xlpm.qty * (_xlpm.weight_g / 1000) * _xlpm.price_per_kg * (1 + _xlpm.waste_pct) ) -> 0 | N19: =_xlfn.LET( _xlpm.qty, C19, _xlpm.hours, J19*24, _xlpm.power_w, _xlfn.XLOOKUP(TRIM(D19), Settings!$F$4:$F$101, Settings!$G$4:$G$101, 120), _xlpm.rate, Settings!$D$4, _xlpm.qty * _xlpm.hours * (_xlpm.power_w / 1000) * _xlpm.rate ) -> 0 | O19: =_xlfn.LET( _xlpm.qty, C19, _xlpm.hours, J19*24, _xlpm.price, _xlfn.XLOOKUP(TRIM(D19), Settings!$F$4:$F$101, Settings!$H$4:$H$101, 0), _xlpm.life, _xlfn.XLOOKUP(TRIM(D19), Settings!$F$4:$F$101, Settings!$I$4:$I$101, 1), _xlpm.qty * _xlpm.hours * (_xlpm.price / _xlpm.life) ) -> 0 | P19: =_xlfn.LET( _xlpm.qty, C19, _xlpm.hours, J19*24, _xlpm.price, _xlfn.XLOOKUP(TRIM(D19), Settings!$F$4:$F$101, Settings!$H$4:$H$101, 0), _xlpm.life, _xlfn.XLOOKUP(TRIM(D19), Settings!$F$4:$F$101, Settings!$I$4:$I$101, 1), _xlpm.pct, _xlfn.XLOOKUP(TRIM(D19), Settings!$F$4:$F$101, Settings!$J$4:$J$101, 0), _xlpm.qty * _xlpm.hours * (_xlpm.price / _xlpm.life * _xlpm.pct) ) -> 0 | Q19: =Jobs[[#This Row],[Post Pro/h]]*Settings!$D$18 -> 0 | R19: =(Jobs[[#This Row],[power/t]]+Jobs[[#This Row],[Matrial/t]]+Jobs[[#This Row],[downturn/t]]+Jobs[[#This Row],[Maintenance/t]]+Jobs[[#This Row],[Coloring/t]]+Jobs[[#This Row],[Extras]])*Settings!$D$12 -> 0 | S19: =Jobs[[#This Row],[Matrial/t]] + Jobs[[#This Row],[power/t]] + Jobs[[#This Row],[downturn/t]] + Jobs[[#This Row],[Maintenance/t]] + Jobs[[#This Row],[Coloring/t]] + Jobs[[#This Row],[overhead/t]] + Jobs[[#This Row],[Extras]] -> 0 | T19: =S19*(1+Settings!$D$5) -> 0 | U19: =Jobs[[#This Row],[Sugested Price/t]] - Jobs[[#This Row],[base price/t]] -> 0 | V19: =IFERROR(Jobs[[#This Row],[Gross margin/t]] / Jobs[[#This Row],[base price/t]], 0) -> 0
B20: گوشواره ببر | C20: 1 | D20: Anycubic Kobra S1- office | E20: PLA | F20: orange | G20: 5.12 | J20: 0.03125 | M20: =_xlfn.LET( _xlpm.qty, C20, _xlpm.weight_g, G20 + H20 + Jobs[[#This Row],[Flushed/g]], _xlpm.material, TRIM(E20), _xlpm.price_per_kg, _xlfn.XLOOKUP(_xlpm.material, MaterialsTbl[Material], MaterialsTbl[Price_per_kg], 0), _xlpm.waste_pct, _xlfn.XLOOKUP(_xlpm.material, MaterialsTbl[Material], MaterialsTbl[Waste_pct], 0), _xlpm.qty * (_xlpm.weight_g / 1000) * _xlpm.price_per_kg * (1 + _xlpm.waste_pct) ) -> 13977.6 | N20: =_xlfn.LET( _xlpm.qty, C20, _xlpm.hours, J20*24, _xlpm.power_w, _xlfn.XLOOKUP(TRIM(D20), Settings!$F$4:$F$101, Settings!$G$4:$G$101, 120), _xlpm.rate, Settings!$D$4, _xlpm.qty * _xlpm.hours * (_xlpm.power_w / 1000) * _xlpm.rate ) -> 73.08 | O20: =_xlfn.LET( _xlpm.qty, C20, _xlpm.hours, J20*24, _xlpm.price, _xlfn.XLOOKUP(TRIM(D20), Settings!$F$4:$F$101, Settings!$H$4:$H$101, 0), _xlpm.life, _xlfn.XLOOKUP(TRIM(D20), Settings!$F$4:$F$101, Settings!$I$4:$I$101, 1), _xlpm.qty * _xlpm.hours * (_xlpm.price / _xlpm.life) ) -> 14100 | P20: =_xlfn.LET( _xlpm.qty, C20, _xlpm.hours, J20*24, _xlpm.price, _xlfn.XLOOKUP(TRIM(D20), Settings!$F$4:$F$101, Settings!$H$4:$H$101, 0), _xlpm.life, _xlfn.XLOOKUP(TRIM(D20), Settings!$F$4:$F$101, Settings!$I$4:$I$101, 1), _xlpm.pct, _xlfn.XLOOKUP(TRIM(D20), Settings!$F$4:$F$101, Settings!$J$4:$J$101, 0), _xlpm.qty * _xlpm.hours * (_xlpm.price / _xlpm.life * _xlpm.pct) ) -> 705 | Q20: =Jobs[[#This Row],[Post Pro/h]]*Settings!$D$18 -> 0 | R20: =(Jobs[[#This Row],[power/t]]+Jobs[[#This Row],[Matrial/t]]+Jobs[[#This Row],[downturn/t]]+Jobs[[#This Row],[Maintenance/t]]+Jobs[[#This Row],[Coloring/t]]+Jobs[[#This Row],[Extras]])*Settings!$D$12 -> 8656.704 | S20: =Jobs[[#This Row],[Matrial/t]] + Jobs[[#This Row],[power/t]] + Jobs[[#This Row],[downturn/t]] + Jobs[[#This Row],[Maintenance/t]] + Jobs[[#This Row],[Coloring/t]] + Jobs[[#This Row],[overhead/t]] + Jobs[[#This Row],[Extras]] -> 37512.384 | T20: =S20*(1+Settings!$D$5) -> 112537.15 | U20: =Jobs[[#This Row],[Sugested Price/t]] - Jobs[[#This Row],[base price/t]] -> 75024.768 | V20: =IFERROR(Jobs[[#This Row],[Gross margin/t]] / Jobs[[#This Row],[base price/t]], 0) -> 2
B21: جاسویچی آیفون | C21: 1 | D21: Anycubic Kobra S1- office | E21: PLA | F21: Black | G21: 3 | J21: 0.013888889 | M21: =_xlfn.LET( _xlpm.qty, C21, _xlpm.weight_g, G21 + H21 + Jobs[[#This Row],[Flushed/g]], _xlpm.material, TRIM(E21), _xlpm.price_per_kg, _xlfn.XLOOKUP(_xlpm.material, MaterialsTbl[Material], MaterialsTbl[Price_per_kg], 0), _xlpm.waste_pct, _xlfn.XLOOKUP(_xlpm.material, MaterialsTbl[Material], MaterialsTbl[Waste_pct], 0), _xlpm.qty * (_xlpm.weight_g / 1000) * _xlpm.price_per_kg * (1 + _xlpm.waste_pct) ) -> 8190 | N21: =_xlfn.LET( _xlpm.qty, C21, _xlpm.hours, J21*24, _xlpm.power_w, _xlfn.XLOOKUP(TRIM(D21), Settings!$F$4:$F$101, Settings!$G$4:$G$101, 120), _xlpm.rate, Settings!$D$4, _xlpm.qty * _xlpm.hours * (_xlpm.power_w / 1000) * _xlpm.rate ) -> 32.48 | O21: =_xlfn.LET( _xlpm.qty, C21, _xlpm.hours, J21*24, _xlpm.price, _xlfn.XLOOKUP(TRIM(D21), Settings!$F$4:$F$101, Settings!$H$4:$H$101, 0), _xlpm.life, _xlfn.XLOOKUP(TRIM(D21), Settings!$F$4:$F$101, Settings!$I$4:$I$101, 1), _xlpm.qty * _xlpm.hours * (_xlpm.price / _xlpm.life) ) -> 6266.6667 | P21: =_xlfn.LET( _xlpm.qty, C21, _xlpm.hours, J21*24, _xlpm.price, _xlfn.XLOOKUP(TRIM(D21), Settings!$F$4:$F$101, Settings!$H$4:$H$101, 0), _xlpm.life, _xlfn.XLOOKUP(TRIM(D21), Settings!$F$4:$F$101, Settings!$I$4:$I$101, 1), _xlpm.pct, _xlfn.XLOOKUP(TRIM(D21), Settings!$F$4:$F$101, Settings!$J$4:$J$101, 0), _xlpm.qty * _xlpm.hours * (_xlpm.price / _xlpm.life * _xlpm.pct) ) -> 313.33333 | Q21: =Jobs[[#This Row],[Post Pro/h]]*Settings!$D$18 -> 0 | R21: =(Jobs[[#This Row],[power/t]]+Jobs[[#This Row],[Matrial/t]]+Jobs[[#This Row],[downturn/t]]+Jobs[[#This Row],[Maintenance/t]]+Jobs[[#This Row],[Coloring/t]]+Jobs[[#This Row],[Extras]])*Settings!$D$12 -> 4440.744 | S21: =Jobs[[#This Row],[Matrial/t]] + Jobs[[#This Row],[power/t]] + Jobs[[#This Row],[downturn/t]] + Jobs[[#This Row],[Maintenance/t]] + Jobs[[#This Row],[Coloring/t]] + Jobs[[#This Row],[overhead/t]] + Jobs[[#This Row],[Extras]] -> 19243.224 | T21: =S21*(1+Settings!$D$5) -> 57729.672 | U21: =Jobs[[#This Row],[Sugested Price/t]] - Jobs[[#This Row],[base price/t]] -> 38486.448 | V21: =IFERROR(Jobs[[#This Row],[Gross margin/t]] / Jobs[[#This Row],[base price/t]], 0) -> 2
B22: اکسسوری دریا | C22: 1 | D22: Anycubic Kobra S1- office | E22: PLA | F22: Black | G22: 8 | J22: 0.024305556 | M22: =_xlfn.LET( _xlpm.qty, C22, _xlpm.weight_g, G22 + H22 + Jobs[[#This Row],[Flushed/g]], _xlpm.material, TRIM(E22), _xlpm.price_per_kg, _xlfn.XLOOKUP(_xlpm.material, MaterialsTbl[Material], MaterialsTbl[Price_per_kg], 0), _xlpm.waste_pct, _xlfn.XLOOKUP(_xlpm.material, MaterialsTbl[Material], MaterialsTbl[Waste_pct], 0), _xlpm.qty * (_xlpm.weight_g / 1000) * _xlpm.price_per_kg * (1 + _xlpm.waste_pct) ) -> 21840 | N22: =_xlfn.LET( _xlpm.qty, C22, _xlpm.hours, J22*24, _xlpm.power_w, _xlfn.XLOOKUP(TRIM(D22), Settings!$F$4:$F$101, Settings!$G$4:$G$101, 120), _xlpm.rate, Settings!$D$4, _xlpm.qty * _xlpm.hours * (_xlpm.power_w / 1000) * _xlpm.rate ) -> 56.84 | O22: =_xlfn.LET( _xlpm.qty, C22, _xlpm.hours, J22*24, _xlpm.price, _xlfn.XLOOKUP(TRIM(D22), Settings!$F$4:$F$101, Settings!$H$4:$H$101, 0), _xlpm.life, _xlfn.XLOOKUP(TRIM(D22), Settings!$F$4:$F$101, Settings!$I$4:$I$101, 1), _xlpm.qty * _xlpm.hours * (_xlpm.price / _xlpm.life) ) -> 10966.667 | P22: =_xlfn.LET( _xlpm.qty, C22, _xlpm.hours, J22*24, _xlpm.price, _xlfn.XLOOKUP(TRIM(D22), Settings!$F$4:$F$101, Settings!$H$4:$H$101, 0), _xlpm.life, _xlfn.XLOOKUP(TRIM(D22), Settings!$F$4:$F$101, Settings!$I$4:$I$101, 1), _xlpm.pct, _xlfn.XLOOKUP(TRIM(D22), Settings!$F$4:$F$101, Settings!$J$4:$J$101, 0), _xlpm.qty * _xlpm.hours * (_xlpm.price / _xlpm.life * _xlpm.pct) ) -> 548.33333 | Q22: =Jobs[[#This Row],[Post Pro/h]]*Settings!$D$18 -> 0 | R22: =(Jobs[[#This Row],[power/t]]+Jobs[[#This Row],[Matrial/t]]+Jobs[[#This Row],[downturn/t]]+Jobs[[#This Row],[Maintenance/t]]+Jobs[[#This Row],[Coloring/t]]+Jobs[[#This Row],[Extras]])*Settings!$D$12 -> 10023.552 | S22: =Jobs[[#This Row],[Matrial/t]] + Jobs[[#This Row],[power/t]] + Jobs[[#This Row],[downturn/t]] + Jobs[[#This Row],[Maintenance/t]] + Jobs[[#This Row],[Coloring/t]] + Jobs[[#This Row],[overhead/t]] + Jobs[[#This Row],[Extras]] -> 43435.392 | T22: =S22*(1+Settings!$D$5) -> 130306.18 | U22: =Jobs[[#This Row],[Sugested Price/t]] - Jobs[[#This Row],[base price/t]] -> 86870.784 | V22: =IFERROR(Jobs[[#This Row],[Gross margin/t]] / Jobs[[#This Row],[base price/t]], 0) -> 2
B23: گوشواره اژدها | C23: 1 | D23: Anycubic Kobra S1- office | E23: PLA | F23: Black | G23: 6 | J23: 0.041666667 | M23: =_xlfn.LET( _xlpm.qty, C23, _xlpm.weight_g, G23 + H23 + Jobs[[#This Row],[Flushed/g]], _xlpm.material, TRIM(E23), _xlpm.price_per_kg, _xlfn.XLOOKUP(_xlpm.material, MaterialsTbl[Material], MaterialsTbl[Price_per_kg], 0), _xlpm.waste_pct, _xlfn.XLOOKUP(_xlpm.material, MaterialsTbl[Material], MaterialsTbl[Waste_pct], 0), _xlpm.qty * (_xlpm.weight_g / 1000) * _xlpm.price_per_kg * (1 + _xlpm.waste_pct) ) -> 16380 | N23: =_xlfn.LET( _xlpm.qty, C23, _xlpm.hours, J23*24, _xlpm.power_w, _xlfn.XLOOKUP(TRIM(D23), Settings!$F$4:$F$101, Settings!$G$4:$G$101, 120), _xlpm.rate, Settings!$D$4, _xlpm.qty * _xlpm.hours * (_xlpm.power_w / 1000) * _xlpm.rate ) -> 97.44 | O23: =_xlfn.LET( _xlpm.qty, C23, _xlpm.hours, J23*24, _xlpm.price, _xlfn.XLOOKUP(TRIM(D23), Settings!$F$4:$F$101, Settings!$H$4:$H$101, 0), _xlpm.life, _xlfn.XLOOKUP(TRIM(D23), Settings!$F$4:$F$101, Settings!$I$4:$I$101, 1), _xlpm.qty * _xlpm.hours * (_xlpm.price / _xlpm.life) ) -> 18800 | P23: =_xlfn.LET( _xlpm.qty, C23, _xlpm.hours, J23*24, _xlpm.price, _xlfn.XLOOKUP(TRIM(D23), Settings!$F$4:$F$101, Settings!$H$4:$H$101, 0), _xlpm.life, _xlfn.XLOOKUP(TRIM(D23), Settings!$F$4:$F$101, Settings!$I$4:$I$101, 1), _xlpm.pct, _xlfn.XLOOKUP(TRIM(D23), Settings!$F$4:$F$101, Settings!$J$4:$J$101, 0), _xlpm.qty * _xlpm.hours * (_xlpm.price / _xlpm.life * _xlpm.pct) ) -> 940 | Q23: =Jobs[[#This Row],[Post Pro/h]]*Settings!$D$18 -> 0 | R23: =(Jobs[[#This Row],[power/t]]+Jobs[[#This Row],[Matrial/t]]+Jobs[[#This Row],[downturn/t]]+Jobs[[#This Row],[Maintenance/t]]+Jobs[[#This Row],[Coloring/t]]+Jobs[[#This Row],[Extras]])*Settings!$D$12 -> 10865.232 | S23: =Jobs[[#This Row],[Matrial/t]] + Jobs[[#This Row],[power/t]] + Jobs[[#This Row],[downturn/t]] + Jobs[[#This Row],[Maintenance/t]] + Jobs[[#This Row],[Coloring/t]] + Jobs[[#This Row],[overhead/t]] + Jobs[[#This Row],[Extras]] -> 47082.672 | T23: =S23*(1+Settings!$D$5) -> 141248.02 | U23: =Jobs[[#This Row],[Sugested Price/t]] - Jobs[[#This Row],[base price/t]] -> 94165.344 | V23: =IFERROR(Jobs[[#This Row],[Gross margin/t]] / Jobs[[#This Row],[base price/t]], 0) -> 2
B24: گوشواره گل | C24: 1 | D24: Anycubic Kobra S1- office | E24: PLA | F24: Black | G24: 2 | J24: 0.013888889 | M24: =_xlfn.LET( _xlpm.qty, C24, _xlpm.weight_g, G24 + H24 + Jobs[[#This Row],[Flushed/g]], _xlpm.material, TRIM(E24), _xlpm.price_per_kg, _xlfn.XLOOKUP(_xlpm.material, MaterialsTbl[Material], MaterialsTbl[Price_per_kg], 0), _xlpm.waste_pct, _xlfn.XLOOKUP(_xlpm.material, MaterialsTbl[Material], MaterialsTbl[Waste_pct], 0), _xlpm.qty * (_xlpm.weight_g / 1000) * _xlpm.price_per_kg * (1 + _xlpm.waste_pct) ) -> 5460 | N24: =_xlfn.LET( _xlpm.qty, C24, _xlpm.hours, J24*24, _xlpm.power_w, _xlfn.XLOOKUP(TRIM(D24), Settings!$F$4:$F$101, Settings!$G$4:$G$101, 120), _xlpm.rate, Settings!$D$4, _xlpm.qty * _xlpm.hours * (_xlpm.power_w / 1000) * _xlpm.rate ) -> 32.48 | O24: =_xlfn.LET( _xlpm.qty, C24, _xlpm.hours, J24*24, _xlpm.price, _xlfn.XLOOKUP(TRIM(D24), Settings!$F$4:$F$101, Settings!$H$4:$H$101, 0), _xlpm.life, _xlfn.XLOOKUP(TRIM(D24), Settings!$F$4:$F$101, Settings!$I$4:$I$101, 1), _xlpm.qty * _xlpm.hours * (_xlpm.price / _xlpm.life) ) -> 6266.6667 | P24: =_xlfn.LET( _xlpm.qty, C24, _xlpm.hours, J24*24, _xlpm.price, _xlfn.XLOOKUP(TRIM(D24), Settings!$F$4:$F$101, Settings!$H$4:$H$101, 0), _xlpm.life, _xlfn.XLOOKUP(TRIM(D24), Settings!$F$4:$F$101, Settings!$I$4:$I$101, 1), _xlpm.pct, _xlfn.XLOOKUP(TRIM(D24), Settings!$F$4:$F$101, Settings!$J$4:$J$101, 0), _xlpm.qty * _xlpm.hours * (_xlpm.price / _xlpm.life * _xlpm.pct) ) -> 313.33333 | Q24: =Jobs[[#This Row],[Post Pro/h]]*Settings!$D$18 -> 0 | R24: =(Jobs[[#This Row],[power/t]]+Jobs[[#This Row],[Matrial/t]]+Jobs[[#This Row],[downturn/t]]+Jobs[[#This Row],[Maintenance/t]]+Jobs[[#This Row],[Coloring/t]]+Jobs[[#This Row],[Extras]])*Settings!$D$12 -> 3621.744 | S24: =Jobs[[#This Row],[Matrial/t]] + Jobs[[#This Row],[power/t]] + Jobs[[#This Row],[downturn/t]] + Jobs[[#This Row],[Maintenance/t]] + Jobs[[#This Row],[Coloring/t]] + Jobs[[#This Row],[overhead/t]] + Jobs[[#This Row],[Extras]] -> 15694.224 | T24: =S24*(1+Settings!$D$5) -> 47082.672 | U24: =Jobs[[#This Row],[Sugested Price/t]] - Jobs[[#This Row],[base price/t]] -> 31388.448 | V24: =IFERROR(Jobs[[#This Row],[Gross margin/t]] / Jobs[[#This Row],[base price/t]], 0) -> 2
B25: گوشواره ایر جردن | C25: 1 | D25: Anycubic Kobra S1- office | E25: PLA | F25: Black | G25: 15 | J25: 0.03125 | M25: =_xlfn.LET( _xlpm.qty, C25, _xlpm.weight_g, G25 + H25 + Jobs[[#This Row],[Flushed/g]], _xlpm.material, TRIM(E25), _xlpm.price_per_kg, _xlfn.XLOOKUP(_xlpm.material, MaterialsTbl[Material], MaterialsTbl[Price_per_kg], 0), _xlpm.waste_pct, _xlfn.XLOOKUP(_xlpm.material, MaterialsTbl[Material], MaterialsTbl[Waste_pct], 0), _xlpm.qty * (_xlpm.weight_g / 1000) * _xlpm.price_per_kg * (1 + _xlpm.waste_pct) ) -> 40950 | N25: =_xlfn.LET( _xlpm.qty, C25, _xlpm.hours, J25*24, _xlpm.power_w, _xlfn.XLOOKUP(TRIM(D25), Settings!$F$4:$F$101, Settings!$G$4:$G$101, 120), _xlpm.rate, Settings!$D$4, _xlpm.qty * _xlpm.hours * (_xlpm.power_w / 1000) * _xlpm.rate ) -> 73.08 | O25: =_xlfn.LET( _xlpm.qty, C25, _xlpm.hours, J25*24, _xlpm.price, _xlfn.XLOOKUP(TRIM(D25), Settings!$F$4:$F$101, Settings!$H$4:$H$101, 0), _xlpm.life, _xlfn.XLOOKUP(TRIM(D25), Settings!$F$4:$F$101, Settings!$I$4:$I$101, 1), _xlpm.qty * _xlpm.hours * (_xlpm.price / _xlpm.life) ) -> 14100 | P25: =_xlfn.LET( _xlpm.qty, C25, _xlpm.hours, J25*24, _xlpm.price, _xlfn.XLOOKUP(TRIM(D25), Settings!$F$4:$F$101, Settings!$H$4:$H$101, 0), _xlpm.life, _xlfn.XLOOKUP(TRIM(D25), Settings!$F$4:$F$101, Settings!$I$4:$I$101, 1), _xlpm.pct, _xlfn.XLOOKUP(TRIM(D25), Settings!$F$4:$F$101, Settings!$J$4:$J$101, 0), _xlpm.qty * _xlpm.hours * (_xlpm.price / _xlpm.life * _xlpm.pct) ) -> 705 | Q25: =Jobs[[#This Row],[Post Pro/h]]*Settings!$D$18 -> 0 | R25: =(Jobs[[#This Row],[power/t]]+Jobs[[#This Row],[Matrial/t]]+Jobs[[#This Row],[downturn/t]]+Jobs[[#This Row],[Maintenance/t]]+Jobs[[#This Row],[Coloring/t]]+Jobs[[#This Row],[Extras]])*Settings!$D$12 -> 16748.424 | S25: =Jobs[[#This Row],[Matrial/t]] + Jobs[[#This Row],[power/t]] + Jobs[[#This Row],[downturn/t]] + Jobs[[#This Row],[Maintenance/t]] + Jobs[[#This Row],[Coloring/t]] + Jobs[[#This Row],[overhead/t]] + Jobs[[#This Row],[Extras]] -> 72576.504 | T25: =S25*(1+Settings!$D$5) -> 217729.51 | U25: =Jobs[[#This Row],[Sugested Price/t]] - Jobs[[#This Row],[base price/t]] -> 145153.01 | V25: =IFERROR(Jobs[[#This Row],[Gross margin/t]] / Jobs[[#This Row],[base price/t]], 0) -> 2
B26: مار فلکسی | C26: 1 | D26: Anycubic Kobra S1- office | E26: PLA | F26: Olive Green | G26: 3 | J26: 0.015277778 | M26: =_xlfn.LET( _xlpm.qty, C26, _xlpm.weight_g, G26 + H26 + Jobs[[#This Row],[Flushed/g]], _xlpm.material, TRIM(E26), _xlpm.price_per_kg, _xlfn.XLOOKUP(_xlpm.material, MaterialsTbl[Material], MaterialsTbl[Price_per_kg], 0), _xlpm.waste_pct, _xlfn.XLOOKUP(_xlpm.material, MaterialsTbl[Material], MaterialsTbl[Waste_pct], 0), _xlpm.qty * (_xlpm.weight_g / 1000) * _xlpm.price_per_kg * (1 + _xlpm.waste_pct) ) -> 8190 | N26: =_xlfn.LET( _xlpm.qty, C26, _xlpm.hours, J26*24, _xlpm.power_w, _xlfn.XLOOKUP(TRIM(D26), Settings!$F$4:$F$101, Settings!$G$4:$G$101, 120), _xlpm.rate, Settings!$D$4, _xlpm.qty * _xlpm.hours * (_xlpm.power_w / 1000) * _xlpm.rate ) -> 35.728 | O26: =_xlfn.LET( _xlpm.qty, C26, _xlpm.hours, J26*24, _xlpm.price, _xlfn.XLOOKUP(TRIM(D26), Settings!$F$4:$F$101, Settings!$H$4:$H$101, 0), _xlpm.life, _xlfn.XLOOKUP(TRIM(D26), Settings!$F$4:$F$101, Settings!$I$4:$I$101, 1), _xlpm.qty * _xlpm.hours * (_xlpm.price / _xlpm.life) ) -> 6893.3333 | P26: =_xlfn.LET( _xlpm.qty, C26, _xlpm.hours, J26*24, _xlpm.price, _xlfn.XLOOKUP(TRIM(D26), Settings!$F$4:$F$101, Settings!$H$4:$H$101, 0), _xlpm.life, _xlfn.XLOOKUP(TRIM(D26), Settings!$F$4:$F$101, Settings!$I$4:$I$101, 1), _xlpm.pct, _xlfn.XLOOKUP(TRIM(D26), Settings!$F$4:$F$101, Settings!$J$4:$J$101, 0), _xlpm.qty * _xlpm.hours * (_xlpm.price / _xlpm.life * _xlpm.pct) ) -> 344.66667 | Q26: =Jobs[[#This Row],[Post Pro/h]]*Settings!$D$18 -> 0 | R26: =(Jobs[[#This Row],[power/t]]+Jobs[[#This Row],[Matrial/t]]+Jobs[[#This Row],[downturn/t]]+Jobs[[#This Row],[Maintenance/t]]+Jobs[[#This Row],[Coloring/t]]+Jobs[[#This Row],[Extras]])*Settings!$D$12 -> 4639.1184 | S26: =Jobs[[#This Row],[Matrial/t]] + Jobs[[#This Row],[power/t]] + Jobs[[#This Row],[downturn/t]] + Jobs[[#This Row],[Maintenance/t]] + Jobs[[#This Row],[Coloring/t]] + Jobs[[#This Row],[overhead/t]] + Jobs[[#This Row],[Extras]] -> 20102.846 | T26: =S26*(1+Settings!$D$5) -> 60308.539 | U26: =Jobs[[#This Row],[Sugested Price/t]] - Jobs[[#This Row],[base price/t]] -> 40205.693 | V26: =IFERROR(Jobs[[#This Row],[Gross margin/t]] / Jobs[[#This Row],[base price/t]], 0) -> 2
B27: مارملوک فلکسی | C27: 1 | D27: Anycubic Kobra S1- office | E27: PLA | F27: Olive Green | G27: 5 | J27: 0.020833333 | M27: =_xlfn.LET( _xlpm.qty, C27, _xlpm.weight_g, G27 + H27 + Jobs[[#This Row],[Flushed/g]], _xlpm.material, TRIM(E27), _xlpm.price_per_kg, _xlfn.XLOOKUP(_xlpm.material, MaterialsTbl[Material], MaterialsTbl[Price_per_kg], 0), _xlpm.waste_pct, _xlfn.XLOOKUP(_xlpm.material, MaterialsTbl[Material], MaterialsTbl[Waste_pct], 0), _xlpm.qty * (_xlpm.weight_g / 1000) * _xlpm.price_per_kg * (1 + _xlpm.waste_pct) ) -> 13650 | N27: =_xlfn.LET( _xlpm.qty, C27, _xlpm.hours, J27*24, _xlpm.power_w, _xlfn.XLOOKUP(TRIM(D27), Settings!$F$4:$F$101, Settings!$G$4:$G$101, 120), _xlpm.rate, Settings!$D$4, _xlpm.qty * _xlpm.hours * (_xlpm.power_w / 1000) * _xlpm.rate ) -> 48.72 | O27: =_xlfn.LET( _xlpm.qty, C27, _xlpm.hours, J27*24, _xlpm.price, _xlfn.XLOOKUP(TRIM(D27), Settings!$F$4:$F$101, Settings!$H$4:$H$101, 0), _xlpm.life, _xlfn.XLOOKUP(TRIM(D27), Settings!$F$4:$F$101, Settings!$I$4:$I$101, 1), _xlpm.qty * _xlpm.hours * (_xlpm.price / _xlpm.life) ) -> 9400 | P27: =_xlfn.LET( _xlpm.qty, C27, _xlpm.hours, J27*24, _xlpm.price, _xlfn.XLOOKUP(TRIM(D27), Settings!$F$4:$F$101, Settings!$H$4:$H$101, 0), _xlpm.life, _xlfn.XLOOKUP(TRIM(D27), Settings!$F$4:$F$101, Settings!$I$4:$I$101, 1), _xlpm.pct, _xlfn.XLOOKUP(TRIM(D27), Settings!$F$4:$F$101, Settings!$J$4:$J$101, 0), _xlpm.qty * _xlpm.hours * (_xlpm.price / _xlpm.life * _xlpm.pct) ) -> 470 | Q27: =Jobs[[#This Row],[Post Pro/h]]*Settings!$D$18 -> 0 | R27: =(Jobs[[#This Row],[power/t]]+Jobs[[#This Row],[Matrial/t]]+Jobs[[#This Row],[downturn/t]]+Jobs[[#This Row],[Maintenance/t]]+Jobs[[#This Row],[Coloring/t]]+Jobs[[#This Row],[Extras]])*Settings!$D$12 -> 7070.616 | S27: =Jobs[[#This Row],[Matrial/t]] + Jobs[[#This Row],[power/t]] + Jobs[[#This Row],[downturn/t]] + Jobs[[#This Row],[Maintenance/t]] + Jobs[[#This Row],[Coloring/t]] + Jobs[[#This Row],[overhead/t]] + Jobs[[#This Row],[Extras]] -> 30639.336 | T27: =S27*(1+Settings!$D$5) -> 91918.008 | U27: =Jobs[[#This Row],[Sugested Price/t]] - Jobs[[#This Row],[base price/t]] -> 61278.672 | V27: =IFERROR(Jobs[[#This Row],[Gross margin/t]] / Jobs[[#This Row],[base price/t]], 0) -> 2
B28: اسکویید فلکسی | C28: 1 | D28: Anycubic Kobra S1- office | E28: PLA | F28: Black | G28: 11 | J28: 0.041666667 | M28: =_xlfn.LET( _xlpm.qty, C28, _xlpm.weight_g, G28 + H28 + Jobs[[#This Row],[Flushed/g]], _xlpm.material, TRIM(E28), _xlpm.price_per_kg, _xlfn.XLOOKUP(_xlpm.material, MaterialsTbl[Material], MaterialsTbl[Price_per_kg], 0), _xlpm.waste_pct, _xlfn.XLOOKUP(_xlpm.material, MaterialsTbl[Material], MaterialsTbl[Waste_pct], 0), _xlpm.qty * (_xlpm.weight_g / 1000) * _xlpm.price_per_kg * (1 + _xlpm.waste_pct) ) -> 30030 | N28: =_xlfn.LET( _xlpm.qty, C28, _xlpm.hours, J28*24, _xlpm.power_w, _xlfn.XLOOKUP(TRIM(D28), Settings!$F$4:$F$101, Settings!$G$4:$G$101, 120), _xlpm.rate, Settings!$D$4, _xlpm.qty * _xlpm.hours * (_xlpm.power_w / 1000) * _xlpm.rate ) -> 97.44 | O28: =_xlfn.LET( _xlpm.qty, C28, _xlpm.hours, J28*24, _xlpm.price, _xlfn.XLOOKUP(TRIM(D28), Settings!$F$4:$F$101, Settings!$H$4:$H$101, 0), _xlpm.life, _xlfn.XLOOKUP(TRIM(D28), Settings!$F$4:$F$101, Settings!$I$4:$I$101, 1), _xlpm.qty * _xlpm.hours * (_xlpm.price / _xlpm.life) ) -> 18800 | P28: =_xlfn.LET( _xlpm.qty, C28, _xlpm.hours, J28*24, _xlpm.price, _xlfn.XLOOKUP(TRIM(D28), Settings!$F$4:$F$101, Settings!$H$4:$H$101, 0), _xlpm.life, _xlfn.XLOOKUP(TRIM(D28), Settings!$F$4:$F$101, Settings!$I$4:$I$101, 1), _xlpm.pct, _xlfn.XLOOKUP(TRIM(D28), Settings!$F$4:$F$101, Settings!$J$4:$J$101, 0), _xlpm.qty * _xlpm.hours * (_xlpm.price / _xlpm.life * _xlpm.pct) ) -> 940 | Q28: =Jobs[[#This Row],[Post Pro/h]]*Settings!$D$18 -> 0 | R28: =(Jobs[[#This Row],[power/t]]+Jobs[[#This Row],[Matrial/t]]+Jobs[[#This Row],[downturn/t]]+Jobs[[#This Row],[Maintenance/t]]+Jobs[[#This Row],[Coloring/t]]+Jobs[[#This Row],[Extras]])*Settings!$D$12 -> 14960.232 | S28: =Jobs[[#This Row],[Matrial/t]] + Jobs[[#This Row],[power/t]] + Jobs[[#This Row],[downturn/t]] + Jobs[[#This Row],[Maintenance/t]] + Jobs[[#This Row],[Coloring/t]] + Jobs[[#This Row],[overhead/t]] + Jobs[[#This Row],[Extras]] -> 64827.672 | T28: =S28*(1+Settings!$D$5) -> 194483.02 | U28: =Jobs[[#This Row],[Sugested Price/t]] - Jobs[[#This Row],[base price/t]] -> 129655.34 | V28: =IFERROR(Jobs[[#This Row],[Gross margin/t]] / Jobs[[#This Row],[base price/t]], 0) -> 2
B29: کلیکر نون برنجی | C29: 1 | D29: Anycubic Kobra S1- office | E29: PLA | F29: white | G29: 13 | J29: 0.025 | M29: =_xlfn.LET( _xlpm.qty, C29, _xlpm.weight_g, G29 + H29 + Jobs[[#This Row],[Flushed/g]], _xlpm.material, TRIM(E29), _xlpm.price_per_kg, _xlfn.XLOOKUP(_xlpm.material, MaterialsTbl[Material], MaterialsTbl[Price_per_kg], 0), _xlpm.waste_pct, _xlfn.XLOOKUP(_xlpm.material, MaterialsTbl[Material], MaterialsTbl[Waste_pct], 0), _xlpm.qty * (_xlpm.weight_g / 1000) * _xlpm.price_per_kg * (1 + _xlpm.waste_pct) ) -> 35490 | N29: =_xlfn.LET( _xlpm.qty, C29, _xlpm.hours, J29*24, _xlpm.power_w, _xlfn.XLOOKUP(TRIM(D29), Settings!$F$4:$F$101, Settings!$G$4:$G$101, 120), _xlpm.rate, Settings!$D$4, _xlpm.qty * _xlpm.hours * (_xlpm.power_w / 1000) * _xlpm.rate ) -> 58.464 | O29: =_xlfn.LET( _xlpm.qty, C29, _xlpm.hours, J29*24, _xlpm.price, _xlfn.XLOOKUP(TRIM(D29), Settings!$F$4:$F$101, Settings!$H$4:$H$101, 0), _xlpm.life, _xlfn.XLOOKUP(TRIM(D29), Settings!$F$4:$F$101, Settings!$I$4:$I$101, 1), _xlpm.qty * _xlpm.hours * (_xlpm.price / _xlpm.life) ) -> 11280 | P29: =_xlfn.LET( _xlpm.qty, C29, _xlpm.hours, J29*24, _xlpm.price, _xlfn.XLOOKUP(TRIM(D29), Settings!$F$4:$F$101, Settings!$H$4:$H$101, 0), _xlpm.life, _xlfn.XLOOKUP(TRIM(D29), Settings!$F$4:$F$101, Settings!$I$4:$I$101, 1), _xlpm.pct, _xlfn.XLOOKUP(TRIM(D29), Settings!$F$4:$F$101, Settings!$J$4:$J$101, 0), _xlpm.qty * _xlpm.hours * (_xlpm.price / _xlpm.life * _xlpm.pct) ) -> 564 | Q29: =Jobs[[#This Row],[Post Pro/h]]*Settings!$D$18 -> 0 | R29: =(Jobs[[#This Row],[power/t]]+Jobs[[#This Row],[Matrial/t]]+Jobs[[#This Row],[downturn/t]]+Jobs[[#This Row],[Maintenance/t]]+Jobs[[#This Row],[Coloring/t]]+Jobs[[#This Row],[Extras]])*Settings!$D$12 -> 14217.739 | S29: =Jobs[[#This Row],[Matrial/t]] + Jobs[[#This Row],[power/t]] + Jobs[[#This Row],[downturn/t]] + Jobs[[#This Row],[Maintenance/t]] + Jobs[[#This Row],[Coloring/t]] + Jobs[[#This Row],[overhead/t]] + Jobs[[#This Row],[Extras]] -> 61610.203 | T29: =S29*(1+Settings!$D$5) -> 184830.61 | U29: =Jobs[[#This Row],[Sugested Price/t]] - Jobs[[#This Row],[base price/t]] -> 123220.41 | V29: =IFERROR(Jobs[[#This Row],[Gross margin/t]] / Jobs[[#This Row],[base price/t]], 0) -> 2
B30: اختاپوس فلکسی | C30: 1 | D30: Anycubic Kobra S1- office | E30: PLA | F30: Black | G30: 16 | J30: 0.05 | M30: =_xlfn.LET( _xlpm.qty, C30, _xlpm.weight_g, G30 + H30 + Jobs[[#This Row],[Flushed/g]], _xlpm.material, TRIM(E30), _xlpm.price_per_kg, _xlfn.XLOOKUP(_xlpm.material, MaterialsTbl[Material], MaterialsTbl[Price_per_kg], 0), _xlpm.waste_pct, _xlfn.XLOOKUP(_xlpm.material, MaterialsTbl[Material], MaterialsTbl[Waste_pct], 0), _xlpm.qty * (_xlpm.weight_g / 1000) * _xlpm.price_per_kg * (1 + _xlpm.waste_pct) ) -> 43680 | N30: =_xlfn.LET( _xlpm.qty, C30, _xlpm.hours, J30*24, _xlpm.power_w, _xlfn.XLOOKUP(TRIM(D30), Settings!$F$4:$F$101, Settings!$G$4:$G$101, 120), _xlpm.rate, Settings!$D$4, _xlpm.qty * _xlpm.hours * (_xlpm.power_w / 1000) * _xlpm.rate ) -> 116.928 | O30: =_xlfn.LET( _xlpm.qty, C30, _xlpm.hours, J30*24, _xlpm.price, _xlfn.XLOOKUP(TRIM(D30), Settings!$F$4:$F$101, Settings!$H$4:$H$101, 0), _xlpm.life, _xlfn.XLOOKUP(TRIM(D30), Settings!$F$4:$F$101, Settings!$I$4:$I$101, 1), _xlpm.qty * _xlpm.hours * (_xlpm.price / _xlpm.life) ) -> 22560 | P30: =_xlfn.LET( _xlpm.qty, C30, _xlpm.hours, J30*24, _xlpm.price, _xlfn.XLOOKUP(TRIM(D30), Settings!$F$4:$F$101, Settings!$H$4:$H$101, 0), _xlpm.life, _xlfn.XLOOKUP(TRIM(D30), Settings!$F$4:$F$101, Settings!$I$4:$I$101, 1), _xlpm.pct, _xlfn.XLOOKUP(TRIM(D30), Settings!$F$4:$F$101, Settings!$J$4:$J$101, 0), _xlpm.qty * _xlpm.hours * (_xlpm.price / _xlpm.life * _xlpm.pct) ) -> 1128 | Q30: =Jobs[[#This Row],[Post Pro/h]]*Settings!$D$18 -> 0 | R30: =(Jobs[[#This Row],[power/t]]+Jobs[[#This Row],[Matrial/t]]+Jobs[[#This Row],[downturn/t]]+Jobs[[#This Row],[Maintenance/t]]+Jobs[[#This Row],[Coloring/t]]+Jobs[[#This Row],[Extras]])*Settings!$D$12 -> 20245.478 | S30: =Jobs[[#This Row],[Matrial/t]] + Jobs[[#This Row],[power/t]] + Jobs[[#This Row],[downturn/t]] + Jobs[[#This Row],[Maintenance/t]] + Jobs[[#This Row],[Coloring/t]] + Jobs[[#This Row],[overhead/t]] + Jobs[[#This Row],[Extras]] -> 87730.406 | T30: =S30*(1+Settings!$D$5) -> 263191.22 | U30: =Jobs[[#This Row],[Sugested Price/t]] - Jobs[[#This Row],[base price/t]] -> 175460.81 | V30: =IFERROR(Jobs[[#This Row],[Gross margin/t]] / Jobs[[#This Row],[base price/t]], 0) -> 2
B31: خانواده کاکتوس | C31: 1 | D31: Anycubic Kobra S1- office | E31: PLA | F31: Olive Green | G31: 118 | J31: 0.56944444 | M31: =_xlfn.LET( _xlpm.qty, C31, _xlpm.weight_g, G31 + H31 + Jobs[[#This Row],[Flushed/g]], _xlpm.material, TRIM(E31), _xlpm.price_per_kg, _xlfn.XLOOKUP(_xlpm.material, MaterialsTbl[Material], MaterialsTbl[Price_per_kg], 0), _xlpm.waste_pct, _xlfn.XLOOKUP(_xlpm.material, MaterialsTbl[Material], MaterialsTbl[Waste_pct], 0), _xlpm.qty * (_xlpm.weight_g / 1000) * _xlpm.price_per_kg * (1 + _xlpm.waste_pct) ) -> 322140 | N31: =_xlfn.LET( _xlpm.qty, C31, _xlpm.hours, J31*24, _xlpm.power_w, _xlfn.XLOOKUP(TRIM(D31), Settings!$F$4:$F$101, Settings!$G$4:$G$101, 120), _xlpm.rate, Settings!$D$4, _xlpm.qty * _xlpm.hours * (_xlpm.power_w / 1000) * _xlpm.rate ) -> 1331.68 | O31: =_xlfn.LET( _xlpm.qty, C31, _xlpm.hours, J31*24, _xlpm.price, _xlfn.XLOOKUP(TRIM(D31), Settings!$F$4:$F$101, Settings!$H$4:$H$101, 0), _xlpm.life, _xlfn.XLOOKUP(TRIM(D31), Settings!$F$4:$F$101, Settings!$I$4:$I$101, 1), _xlpm.qty * _xlpm.hours * (_xlpm.price / _xlpm.life) ) -> 256933.33 | P31: =_xlfn.LET( _xlpm.qty, C31, _xlpm.hours, J31*24, _xlpm.price, _xlfn.XLOOKUP(TRIM(D31), Settings!$F$4:$F$101, Settings!$H$4:$H$101, 0), _xlpm.life, _xlfn.XLOOKUP(TRIM(D31), Settings!$F$4:$F$101, Settings!$I$4:$I$101, 1), _xlpm.pct, _xlfn.XLOOKUP(TRIM(D31), Settings!$F$4:$F$101, Settings!$J$4:$J$101, 0), _xlpm.qty * _xlpm.hours * (_xlpm.price / _xlpm.life * _xlpm.pct) ) -> 12846.667 | Q31: =Jobs[[#This Row],[Post Pro/h]]*Settings!$D$18 -> 0 | R31: =(Jobs[[#This Row],[power/t]]+Jobs[[#This Row],[Matrial/t]]+Jobs[[#This Row],[downturn/t]]+Jobs[[#This Row],[Maintenance/t]]+Jobs[[#This Row],[Coloring/t]]+Jobs[[#This Row],[Extras]])*Settings!$D$12 -> 177975.5 | S31: =Jobs[[#This Row],[Matrial/t]] + Jobs[[#This Row],[power/t]] + Jobs[[#This Row],[downturn/t]] + Jobs[[#This Row],[Maintenance/t]] + Jobs[[#This Row],[Coloring/t]] + Jobs[[#This Row],[overhead/t]] + Jobs[[#This Row],[Extras]] -> 771227.18 | T31: =S31*(1+Settings!$D$5) -> 2313681.6 | U31: =Jobs[[#This Row],[Sugested Price/t]] - Jobs[[#This Row],[base price/t]] -> 1542454.4 | V31: =IFERROR(Jobs[[#This Row],[Gross margin/t]] / Jobs[[#This Row],[base price/t]], 0) -> 2
... B33: افتاب پرست فلکسی | C33: 1 | D33: Anycubic Kobra S1- office | E33: PLA | F33: Olive Green | G33: 3 | J33: 0.010416667 | M33: =_xlfn.LET( _xlpm.qty, C33, _xlpm.weight_g, G33 + H33 + Jobs[[#This Row],[Flushed/g]], _xlpm.material, TRIM(E33), _xlpm.price_per_kg, _xlfn.XLOOKUP(_xlpm.material, MaterialsTbl[Material], MaterialsTbl[Price_per_kg], 0), _xlpm.waste_pct, _xlfn.XLOOKUP(_xlpm.material, MaterialsTbl[Material], MaterialsTbl[Waste_pct], 0), _xlpm.qty * (_xlpm.weight_g / 1000) * _xlpm.price_per_kg * (1 + _xlpm.waste_pct) ) -> 8190 | N33: =_xlfn.LET( _xlpm.qty, C33, _xlpm.hours, J33*24, _xlpm.power_w, _xlfn.XLOOKUP(TRIM(D33), Settings!$F$4:$F$101, Settings!$G$4:$G$101, 120), _xlpm.rate, Settings!$D$4, _xlpm.qty * _xlpm.hours * (_xlpm.power_w / 1000) * _xlpm.rate ) -> 24.36 | O33: =_xlfn.LET( _xlpm.qty, C33, _xlpm.hours, J33*24, _xlpm.price, _xlfn.XLOOKUP(TRIM(D33), Settings!$F$4:$F$101, Settings!$H$4:$H$101, 0), _xlpm.life, _xlfn.XLOOKUP(TRIM(D33), Settings!$F$4:$F$101, Settings!$I$4:$I$101, 1), _xlpm.qty * _xlpm.hours * (_xlpm.price / _xlpm.life) ) -> 4700 | P33: =_xlfn.LET( _xlpm.qty, C33, _xlpm.hours, J33*24, _xlpm.price, _xlfn.XLOOKUP(TRIM(D33), Settings!$F$4:$F$101, Settings!$H$4:$H$101, 0), _xlpm.life, _xlfn.XLOOKUP(TRIM(D33), Settings!$F$4:$F$101, Settings!$I$4:$I$101, 1), _xlpm.pct, _xlfn.XLOOKUP(TRIM(D33), Settings!$F$4:$F$101, Settings!$J$4:$J$101, 0), _xlpm.qty * _xlpm.hours * (_xlpm.price / _xlpm.life * _xlpm.pct) ) -> 235 | Q33: =Jobs[[#This Row],[Post Pro/h]]*Settings!$D$18 -> 0 | R33: =(Jobs[[#This Row],[power/t]]+Jobs[[#This Row],[Matrial/t]]+Jobs[[#This Row],[downturn/t]]+Jobs[[#This Row],[Maintenance/t]]+Jobs[[#This Row],[Coloring/t]]+Jobs[[#This Row],[Extras]])*Settings!$D$12 -> 3944.808 | S33: =Jobs[[#This Row],[Matrial/t]] + Jobs[[#This Row],[power/t]] + Jobs[[#This Row],[downturn/t]] + Jobs[[#This Row],[Maintenance/t]] + Jobs[[#This Row],[Coloring/t]] + Jobs[[#This Row],[overhead/t]] + Jobs[[#This Row],[Extras]] -> 17094.168 | T33: =S33*(1+Settings!$D$5) -> 51282.504 | U33: =Jobs[[#This Row],[Sugested Price/t]] - Jobs[[#This Row],[base price/t]] -> 34188.336 | V33: =IFERROR(Jobs[[#This Row],[Gross margin/t]] / Jobs[[#This Row],[base price/t]], 0) -> 2
A34: KE002 | B34: گربه سفره ای فلکسی | C34: 1 | D34: Anycubic Kobra S1- office | E34: PLA | F34: Black | G34: 23 | J34: 0.10416667 | M34: =_xlfn.LET( _xlpm.qty, C34, _xlpm.weight_g, G34 + H34 + Jobs[[#This Row],[Flushed/g]], _xlpm.material, TRIM(E34), _xlpm.price_per_kg, _xlfn.XLOOKUP(_xlpm.material, MaterialsTbl[Material], MaterialsTbl[Price_per_kg], 0), _xlpm.waste_pct, _xlfn.XLOOKUP(_xlpm.material, MaterialsTbl[Material], MaterialsTbl[Waste_pct], 0), _xlpm.qty * (_xlpm.weight_g / 1000) * _xlpm.price_per_kg * (1 + _xlpm.waste_pct) ) -> 62790 | N34: =_xlfn.LET( _xlpm.qty, C34, _xlpm.hours, J34*24, _xlpm.power_w, _xlfn.XLOOKUP(TRIM(D34), Settings!$F$4:$F$101, Settings!$G$4:$G$101, 120), _xlpm.rate, Settings!$D$4, _xlpm.qty * _xlpm.hours * (_xlpm.power_w / 1000) * _xlpm.rate ) -> 243.6 | O34: =_xlfn.LET( _xlpm.qty, C34, _xlpm.hours, J34*24, _xlpm.price, _xlfn.XLOOKUP(TRIM(D34), Settings!$F$4:$F$101, Settings!$H$4:$H$101, 0), _xlpm.life, _xlfn.XLOOKUP(TRIM(D34), Settings!$F$4:$F$101, Settings!$I$4:$I$101, 1), _xlpm.qty * _xlpm.hours * (_xlpm.price / _xlpm.life) ) -> 47000 | P34: =_xlfn.LET( _xlpm.qty, C34, _xlpm.hours, J34*24, _xlpm.price, _xlfn.XLOOKUP(TRIM(D34), Settings!$F$4:$F$101, Settings!$H$4:$H$101, 0), _xlpm.life, _xlfn.XLOOKUP(TRIM(D34), Settings!$F$4:$F$101, Settings!$I$4:$I$101, 1), _xlpm.pct, _xlfn.XLOOKUP(TRIM(D34), Settings!$F$4:$F$101, Settings!$J$4:$J$101, 0), _xlpm.qty * _xlpm.hours * (_xlpm.price / _xlpm.life * _xlpm.pct) ) -> 2350 | Q34: =Jobs[[#This Row],[Post Pro/h]]*Settings!$D$18 -> 0 | R34: =(Jobs[[#This Row],[power/t]]+Jobs[[#This Row],[Matrial/t]]+Jobs[[#This Row],[downturn/t]]+Jobs[[#This Row],[Maintenance/t]]+Jobs[[#This Row],[Coloring/t]]+Jobs[[#This Row],[Extras]])*Settings!$D$12 -> 33715.08 | S34: =Jobs[[#This Row],[Matrial/t]] + Jobs[[#This Row],[power/t]] + Jobs[[#This Row],[downturn/t]] + Jobs[[#This Row],[Maintenance/t]] + Jobs[[#This Row],[Coloring/t]] + Jobs[[#This Row],[overhead/t]] + Jobs[[#This Row],[Extras]] -> 146098.68 | T34: =S34*(1+Settings!$D$5) -> 438296.04 | U34: =Jobs[[#This Row],[Sugested Price/t]] - Jobs[[#This Row],[base price/t]] -> 292197.36 | V34: =IFERROR(Jobs[[#This Row],[Gross margin/t]] / Jobs[[#This Row],[base price/t]], 0) -> 2
B35: گربه گوگلی فلکسی | C35: 1 | D35: Anycubic Kobra S1- office | E35: PLA | F35: Black | G35: 9 | J35: 0.020833333 | M35: =_xlfn.LET( _xlpm.qty, C35, _xlpm.weight_g, G35 + H35 + Jobs[[#This Row],[Flushed/g]], _xlpm.material, TRIM(E35), _xlpm.price_per_kg, _xlfn.XLOOKUP(_xlpm.material, MaterialsTbl[Material], MaterialsTbl[Price_per_kg], 0), _xlpm.waste_pct, _xlfn.XLOOKUP(_xlpm.material, MaterialsTbl[Material], MaterialsTbl[Waste_pct], 0), _xlpm.qty * (_xlpm.weight_g / 1000) * _xlpm.price_per_kg * (1 + _xlpm.waste_pct) ) -> 24570 | N35: =_xlfn.LET( _xlpm.qty, C35, _xlpm.hours, J35*24, _xlpm.power_w, _xlfn.XLOOKUP(TRIM(D35), Settings!$F$4:$F$101, Settings!$G$4:$G$101, 120), _xlpm.rate, Settings!$D$4, _xlpm.qty * _xlpm.hours * (_xlpm.power_w / 1000) * _xlpm.rate ) -> 48.72 | O35: =_xlfn.LET( _xlpm.qty, C35, _xlpm.hours, J35*24, _xlpm.price, _xlfn.XLOOKUP(TRIM(D35), Settings!$F$4:$F$101, Settings!$H$4:$H$101, 0), _xlpm.life, _xlfn.XLOOKUP(TRIM(D35), Settings!$F$4:$F$101, Settings!$I$4:$I$101, 1), _xlpm.qty * _xlpm.hours * (_xlpm.price / _xlpm.life) ) -> 9400 | P35: =_xlfn.LET( _xlpm.qty, C35, _xlpm.hours, J35*24, _xlpm.price, _xlfn.XLOOKUP(TRIM(D35), Settings!$F$4:$F$101, Settings!$H$4:$H$101, 0), _xlpm.life, _xlfn.XLOOKUP(TRIM(D35), Settings!$F$4:$F$101, Settings!$I$4:$I$101, 1), _xlpm.pct, _xlfn.XLOOKUP(TRIM(D35), Settings!$F$4:$F$101, Settings!$J$4:$J$101, 0), _xlpm.qty * _xlpm.hours * (_xlpm.price / _xlpm.life * _xlpm.pct) ) -> 470 | Q35: =Jobs[[#This Row],[Post Pro/h]]*Settings!$D$18 -> 0 | R35: =(Jobs[[#This Row],[power/t]]+Jobs[[#This Row],[Matrial/t]]+Jobs[[#This Row],[downturn/t]]+Jobs[[#This Row],[Maintenance/t]]+Jobs[[#This Row],[Coloring/t]]+Jobs[[#This Row],[Extras]])*Settings!$D$12 -> 10346.616 | S35: =Jobs[[#This Row],[Matrial/t]] + Jobs[[#This Row],[power/t]] + Jobs[[#This Row],[downturn/t]] + Jobs[[#This Row],[Maintenance/t]] + Jobs[[#This Row],[Coloring/t]] + Jobs[[#This Row],[overhead/t]] + Jobs[[#This Row],[Extras]] -> 44835.336 | T35: =S35*(1+Settings!$D$5) -> 134506.01 | U35: =Jobs[[#This Row],[Sugested Price/t]] - Jobs[[#This Row],[base price/t]] -> 89670.672 | V35: =IFERROR(Jobs[[#This Row],[Gross margin/t]] / Jobs[[#This Row],[base price/t]], 0) -> 2
B36: کوکر اسپنیول فلکسی | C36: 1 | D36: Anycubic Kobra S1- office | E36: PLA | F36: white | G36: 13 | J36: 0.031944444 | M36: =_xlfn.LET( _xlpm.qty, C36, _xlpm.weight_g, G36 + H36 + Jobs[[#This Row],[Flushed/g]], _xlpm.material, TRIM(E36), _xlpm.price_per_kg, _xlfn.XLOOKUP(_xlpm.material, MaterialsTbl[Material], MaterialsTbl[Price_per_kg], 0), _xlpm.waste_pct, _xlfn.XLOOKUP(_xlpm.material, MaterialsTbl[Material], MaterialsTbl[Waste_pct], 0), _xlpm.qty * (_xlpm.weight_g / 1000) * _xlpm.price_per_kg * (1 + _xlpm.waste_pct) ) -> 35490 | N36: =_xlfn.LET( _xlpm.qty, C36, _xlpm.hours, J36*24, _xlpm.power_w, _xlfn.XLOOKUP(TRIM(D36), Settings!$F$4:$F$101, Settings!$G$4:$G$101, 120), _xlpm.rate, Settings!$D$4, _xlpm.qty * _xlpm.hours * (_xlpm.power_w / 1000) * _xlpm.rate ) -> 74.704 | O36: =_xlfn.LET( _xlpm.qty, C36, _xlpm.hours, J36*24, _xlpm.price, _xlfn.XLOOKUP(TRIM(D36), Settings!$F$4:$F$101, Settings!$H$4:$H$101, 0), _xlpm.life, _xlfn.XLOOKUP(TRIM(D36), Settings!$F$4:$F$101, Settings!$I$4:$I$101, 1), _xlpm.qty * _xlpm.hours * (_xlpm.price / _xlpm.life) ) -> 14413.333 | P36: =_xlfn.LET( _xlpm.qty, C36, _xlpm.hours, J36*24, _xlpm.price, _xlfn.XLOOKUP(TRIM(D36), Settings!$F$4:$F$101, Settings!$H$4:$H$101, 0), _xlpm.life, _xlfn.XLOOKUP(TRIM(D36), Settings!$F$4:$F$101, Settings!$I$4:$I$101, 1), _xlpm.pct, _xlfn.XLOOKUP(TRIM(D36), Settings!$F$4:$F$101, Settings!$J$4:$J$101, 0), _xlpm.qty * _xlpm.hours * (_xlpm.price / _xlpm.life * _xlpm.pct) ) -> 720.66667 | Q36: =Jobs[[#This Row],[Post Pro/h]]*Settings!$D$18 -> 0 | R36: =(Jobs[[#This Row],[power/t]]+Jobs[[#This Row],[Matrial/t]]+Jobs[[#This Row],[downturn/t]]+Jobs[[#This Row],[Maintenance/t]]+Jobs[[#This Row],[Coloring/t]]+Jobs[[#This Row],[Extras]])*Settings!$D$12 -> 15209.611 | S36: =Jobs[[#This Row],[Matrial/t]] + Jobs[[#This Row],[power/t]] + Jobs[[#This Row],[downturn/t]] + Jobs[[#This Row],[Maintenance/t]] + Jobs[[#This Row],[Coloring/t]] + Jobs[[#This Row],[overhead/t]] + Jobs[[#This Row],[Extras]] -> 65908.315 | T36: =S36*(1+Settings!$D$5) -> 197724.95 | U36: =Jobs[[#This Row],[Sugested Price/t]] - Jobs[[#This Row],[base price/t]] -> 131816.63 | V36: =IFERROR(Jobs[[#This Row],[Gross margin/t]] / Jobs[[#This Row],[base price/t]], 0) -> 2
B37: دراگون فلکسی | C37: 1 | D37: Anycubic Kobra S1- office | E37: PLA | F37: white | G37: 6 | J37: 0.013888889 | M37: =_xlfn.LET( _xlpm.qty, C37, _xlpm.weight_g, G37 + H37 + Jobs[[#This Row],[Flushed/g]], _xlpm.material, TRIM(E37), _xlpm.price_per_kg, _xlfn.XLOOKUP(_xlpm.material, MaterialsTbl[Material], MaterialsTbl[Price_per_kg], 0), _xlpm.waste_pct, _xlfn.XLOOKUP(_xlpm.material, MaterialsTbl[Material], MaterialsTbl[Waste_pct], 0), _xlpm.qty * (_xlpm.weight_g / 1000) * _xlpm.price_per_kg * (1 + _xlpm.waste_pct) ) -> 16380 | N37: =_xlfn.LET( _xlpm.qty, C37, _xlpm.hours, J37*24, _xlpm.power_w, _xlfn.XLOOKUP(TRIM(D37), Settings!$F$4:$F$101, Settings!$G$4:$G$101, 120), _xlpm.rate, Settings!$D$4, _xlpm.qty * _xlpm.hours * (_xlpm.power_w / 1000) * _xlpm.rate ) -> 32.48 | O37: =_xlfn.LET( _xlpm.qty, C37, _xlpm.hours, J37*24, _xlpm.price, _xlfn.XLOOKUP(TRIM(D37), Settings!$F$4:$F$101, Settings!$H$4:$H$101, 0), _xlpm.life, _xlfn.XLOOKUP(TRIM(D37), Settings!$F$4:$F$101, Settings!$I$4:$I$101, 1), _xlpm.qty * _xlpm.hours * (_xlpm.price / _xlpm.life) ) -> 6266.6667 | P37: =_xlfn.LET( _xlpm.qty, C37, _xlpm.hours, J37*24, _xlpm.price, _xlfn.XLOOKUP(TRIM(D37), Settings!$F$4:$F$101, Settings!$H$4:$H$101, 0), _xlpm.life, _xlfn.XLOOKUP(TRIM(D37), Settings!$F$4:$F$101, Settings!$I$4:$I$101, 1), _xlpm.pct, _xlfn.XLOOKUP(TRIM(D37), Settings!$F$4:$F$101, Settings!$J$4:$J$101, 0), _xlpm.qty * _xlpm.hours * (_xlpm.price / _xlpm.life * _xlpm.pct) ) -> 313.33333 | Q37: =Jobs[[#This Row],[Post Pro/h]]*Settings!$D$18 -> 0 | R37: =(Jobs[[#This Row],[power/t]]+Jobs[[#This Row],[Matrial/t]]+Jobs[[#This Row],[downturn/t]]+Jobs[[#This Row],[Maintenance/t]]+Jobs[[#This Row],[Coloring/t]]+Jobs[[#This Row],[Extras]])*Settings!$D$12 -> 6897.744 | S37: =Jobs[[#This Row],[Matrial/t]] + Jobs[[#This Row],[power/t]] + Jobs[[#This Row],[downturn/t]] + Jobs[[#This Row],[Maintenance/t]] + Jobs[[#This Row],[Coloring/t]] + Jobs[[#This Row],[overhead/t]] + Jobs[[#This Row],[Extras]] -> 29890.224 | T37: =S37*(1+Settings!$D$5) -> 89670.672 | U37: =Jobs[[#This Row],[Sugested Price/t]] - Jobs[[#This Row],[base price/t]] -> 59780.448 | V37: =IFERROR(Jobs[[#This Row],[Gross margin/t]] / Jobs[[#This Row],[base price/t]], 0) -> 2
B38: کوسه فلکسی | C38: 1 | D38: Anycubic Kobra S1- office | E38: PLA | F38: gray | G38: 16 | J38: 0.043055556 | M38: =_xlfn.LET( _xlpm.qty, C38, _xlpm.weight_g, G38 + H38 + Jobs[[#This Row],[Flushed/g]], _xlpm.material, TRIM(E38), _xlpm.price_per_kg, _xlfn.XLOOKUP(_xlpm.material, MaterialsTbl[Material], MaterialsTbl[Price_per_kg], 0), _xlpm.waste_pct, _xlfn.XLOOKUP(_xlpm.material, MaterialsTbl[Material], MaterialsTbl[Waste_pct], 0), _xlpm.qty * (_xlpm.weight_g / 1000) * _xlpm.price_per_kg * (1 + _xlpm.waste_pct) ) -> 43680 | N38: =_xlfn.LET( _xlpm.qty, C38, _xlpm.hours, J38*24, _xlpm.power_w, _xlfn.XLOOKUP(TRIM(D38), Settings!$F$4:$F$101, Settings!$G$4:$G$101, 120), _xlpm.rate, Settings!$D$4, _xlpm.qty * _xlpm.hours * (_xlpm.power_w / 1000) * _xlpm.rate ) -> 100.688 | O38: =_xlfn.LET( _xlpm.qty, C38, _xlpm.hours, J38*24, _xlpm.price, _xlfn.XLOOKUP(TRIM(D38), Settings!$F$4:$F$101, Settings!$H$4:$H$101, 0), _xlpm.life, _xlfn.XLOOKUP(TRIM(D38), Settings!$F$4:$F$101, Settings!$I$4:$I$101, 1), _xlpm.qty * _xlpm.hours * (_xlpm.price / _xlpm.life) ) -> 19426.667 | P38: =_xlfn.LET( _xlpm.qty, C38, _xlpm.hours, J38*24, _xlpm.price, _xlfn.XLOOKUP(TRIM(D38), Settings!$F$4:$F$101, Settings!$H$4:$H$101, 0), _xlpm.life, _xlfn.XLOOKUP(TRIM(D38), Settings!$F$4:$F$101, Settings!$I$4:$I$101, 1), _xlpm.pct, _xlfn.XLOOKUP(TRIM(D38), Settings!$F$4:$F$101, Settings!$J$4:$J$101, 0), _xlpm.qty * _xlpm.hours * (_xlpm.price / _xlpm.life * _xlpm.pct) ) -> 971.33333 | Q38: =Jobs[[#This Row],[Post Pro/h]]*Settings!$D$18 -> 0 | R38: =(Jobs[[#This Row],[power/t]]+Jobs[[#This Row],[Matrial/t]]+Jobs[[#This Row],[downturn/t]]+Jobs[[#This Row],[Maintenance/t]]+Jobs[[#This Row],[Coloring/t]]+Jobs[[#This Row],[Extras]])*Settings!$D$12 -> 19253.606 | S38: =Jobs[[#This Row],[Matrial/t]] + Jobs[[#This Row],[power/t]] + Jobs[[#This Row],[downturn/t]] + Jobs[[#This Row],[Maintenance/t]] + Jobs[[#This Row],[Coloring/t]] + Jobs[[#This Row],[overhead/t]] + Jobs[[#This Row],[Extras]] -> 83432.294 | T38: =S38*(1+Settings!$D$5) -> 250296.88 | U38: =Jobs[[#This Row],[Sugested Price/t]] - Jobs[[#This Row],[base price/t]] -> 166864.59 | V38: =IFERROR(Jobs[[#This Row],[Gross margin/t]] / Jobs[[#This Row],[base price/t]], 0) -> 2
B39: کلیکر چمن ماینکرفت | C39: 1 | D39: Anycubic Kobra S1- office | E39: PLA | F39: Olive Green | G39: 12 | J39: 0.021527778 | M39: =_xlfn.LET( _xlpm.qty, C39, _xlpm.weight_g, G39 + H39 + Jobs[[#This Row],[Flushed/g]], _xlpm.material, TRIM(E39), _xlpm.price_per_kg, _xlfn.XLOOKUP(_xlpm.material, MaterialsTbl[Material], MaterialsTbl[Price_per_kg], 0), _xlpm.waste_pct, _xlfn.XLOOKUP(_xlpm.material, MaterialsTbl[Material], MaterialsTbl[Waste_pct], 0), _xlpm.qty * (_xlpm.weight_g / 1000) * _xlpm.price_per_kg * (1 + _xlpm.waste_pct) ) -> 32760 | N39: =_xlfn.LET( _xlpm.qty, C39, _xlpm.hours, J39*24, _xlpm.power_w, _xlfn.XLOOKUP(TRIM(D39), Settings!$F$4:$F$101, Settings!$G$4:$G$101, 120), _xlpm.rate, Settings!$D$4, _xlpm.qty * _xlpm.hours * (_xlpm.power_w / 1000) * _xlpm.rate ) -> 50.344 | O39: =_xlfn.LET( _xlpm.qty, C39, _xlpm.hours, J39*24, _xlpm.price, _xlfn.XLOOKUP(TRIM(D39), Settings!$F$4:$F$101, Settings!$H$4:$H$101, 0), _xlpm.life, _xlfn.XLOOKUP(TRIM(D39), Settings!$F$4:$F$101, Settings!$I$4:$I$101, 1), _xlpm.qty * _xlpm.hours * (_xlpm.price / _xlpm.life) ) -> 9713.3333 | P39: =_xlfn.LET( _xlpm.qty, C39, _xlpm.hours, J39*24, _xlpm.price, _xlfn.XLOOKUP(TRIM(D39), Settings!$F$4:$F$101, Settings!$H$4:$H$101, 0), _xlpm.life, _xlfn.XLOOKUP(TRIM(D39), Settings!$F$4:$F$101, Settings!$I$4:$I$101, 1), _xlpm.pct, _xlfn.XLOOKUP(TRIM(D39), Settings!$F$4:$F$101, Settings!$J$4:$J$101, 0), _xlpm.qty * _xlpm.hours * (_xlpm.price / _xlpm.life * _xlpm.pct) ) -> 485.66667 | Q39: =Jobs[[#This Row],[Post Pro/h]]*Settings!$D$18 -> 0 | R39: =(Jobs[[#This Row],[power/t]]+Jobs[[#This Row],[Matrial/t]]+Jobs[[#This Row],[downturn/t]]+Jobs[[#This Row],[Maintenance/t]]+Jobs[[#This Row],[Coloring/t]]+Jobs[[#This Row],[Extras]])*Settings!$D$12 -> 12902.803 | S39: =Jobs[[#This Row],[Matrial/t]] + Jobs[[#This Row],[power/t]] + Jobs[[#This Row],[downturn/t]] + Jobs[[#This Row],[Maintenance/t]] + Jobs[[#This Row],[Coloring/t]] + Jobs[[#This Row],[overhead/t]] + Jobs[[#This Row],[Extras]] -> 55912.147 | T39: =S39*(1+Settings!$D$5) -> 167736.44 | U39: =Jobs[[#This Row],[Sugested Price/t]] - Jobs[[#This Row],[base price/t]] -> 111824.29 | V39: =IFERROR(Jobs[[#This Row],[Gross margin/t]] / Jobs[[#This Row],[base price/t]], 0) -> 2
B40: اسب آبی فلکسی | C40: 1 | D40: Anycubic Kobra S1- office | E40: PLA | F40: orange | G40: 4 | J40: 0.014583333 | M40: =_xlfn.LET( _xlpm.qty, C40, _xlpm.weight_g, G40 + H40 + Jobs[[#This Row],[Flushed/g]], _xlpm.material, TRIM(E40), _xlpm.price_per_kg, _xlfn.XLOOKUP(_xlpm.material, MaterialsTbl[Material], MaterialsTbl[Price_per_kg], 0), _xlpm.waste_pct, _xlfn.XLOOKUP(_xlpm.material, MaterialsTbl[Material], MaterialsTbl[Waste_pct], 0), _xlpm.qty * (_xlpm.weight_g / 1000) * _xlpm.price_per_kg * (1 + _xlpm.waste_pct) ) -> 10920 | N40: =_xlfn.LET( _xlpm.qty, C40, _xlpm.hours, J40*24, _xlpm.power_w, _xlfn.XLOOKUP(TRIM(D40), Settings!$F$4:$F$101, Settings!$G$4:$G$101, 120), _xlpm.rate, Settings!$D$4, _xlpm.qty * _xlpm.hours * (_xlpm.power_w / 1000) * _xlpm.rate ) -> 34.104 | O40: =_xlfn.LET( _xlpm.qty, C40, _xlpm.hours, J40*24, _xlpm.price, _xlfn.XLOOKUP(TRIM(D40), Settings!$F$4:$F$101, Settings!$H$4:$H$101, 0), _xlpm.life, _xlfn.XLOOKUP(TRIM(D40), Settings!$F$4:$F$101, Settings!$I$4:$I$101, 1), _xlpm.qty * _xlpm.hours * (_xlpm.price / _xlpm.life) ) -> 6580 | P40: =_xlfn.LET( _xlpm.qty, C40, _xlpm.hours, J40*24, _xlpm.price, _xlfn.XLOOKUP(TRIM(D40), Settings!$F$4:$F$101, Settings!$H$4:$H$101, 0), _xlpm.life, _xlfn.XLOOKUP(TRIM(D40), Settings!$F$4:$F$101, Settings!$I$4:$I$101, 1), _xlpm.pct, _xlfn.XLOOKUP(TRIM(D40), Settings!$F$4:$F$101, Settings!$J$4:$J$101, 0), _xlpm.qty * _xlpm.hours * (_xlpm.price / _xlpm.life * _xlpm.pct) ) -> 329 | Q40: =Jobs[[#This Row],[Post Pro/h]]*Settings!$D$18 -> 0 | R40: =(Jobs[[#This Row],[power/t]]+Jobs[[#This Row],[Matrial/t]]+Jobs[[#This Row],[downturn/t]]+Jobs[[#This Row],[Maintenance/t]]+Jobs[[#This Row],[Coloring/t]]+Jobs[[#This Row],[Extras]])*Settings!$D$12 -> 5358.9312 | S40: =Jobs[[#This Row],[Matrial/t]] + Jobs[[#This Row],[power/t]] + Jobs[[#This Row],[downturn/t]] + Jobs[[#This Row],[Maintenance/t]] + Jobs[[#This Row],[Coloring/t]] + Jobs[[#This Row],[overhead/t]] + Jobs[[#This Row],[Extras]] -> 23222.035 | T40: =S40*(1+Settings!$D$5) -> 69666.106 | U40: =Jobs[[#This Row],[Sugested Price/t]] - Jobs[[#This Row],[base price/t]] -> 46444.07 | V40: =IFERROR(Jobs[[#This Row],[Gross margin/t]] / Jobs[[#This Row],[base price/t]], 0) -> 2
B41: گوربه اخمو | C41: 1 | D41: Anycubic Kobra S1- office | E41: PLA | F41: gray | G41: 10 | J41: 0.032638889 | M41: =_xlfn.LET( _xlpm.qty, C41, _xlpm.weight_g, G41 + H41 + Jobs[[#This Row],[Flushed/g]], _xlpm.material, TRIM(E41), _xlpm.price_per_kg, _xlfn.XLOOKUP(_xlpm.material, MaterialsTbl[Material], MaterialsTbl[Price_per_kg], 0), _xlpm.waste_pct, _xlfn.XLOOKUP(_xlpm.material, MaterialsTbl[Material], MaterialsTbl[Waste_pct], 0), _xlpm.qty * (_xlpm.weight_g / 1000) * _xlpm.price_per_kg * (1 + _xlpm.waste_pct) ) -> 27300 | N41: =_xlfn.LET( _xlpm.qty, C41, _xlpm.hours, J41*24, _xlpm.power_w, _xlfn.XLOOKUP(TRIM(D41), Settings!$F$4:$F$101, Settings!$G$4:$G$101, 120), _xlpm.rate, Settings!$D$4, _xlpm.qty * _xlpm.hours * (_xlpm.power_w / 1000) * _xlpm.rate ) -> 76.328 | O41: =_xlfn.LET( _xlpm.qty, C41, _xlpm.hours, J41*24, _xlpm.price, _xlfn.XLOOKUP(TRIM(D41), Settings!$F$4:$F$101, Settings!$H$4:$H$101, 0), _xlpm.life, _xlfn.XLOOKUP(TRIM(D41), Settings!$F$4:$F$101, Settings!$I$4:$I$101, 1), _xlpm.qty * _xlpm.hours * (_xlpm.price / _xlpm.life) ) -> 14726.667 | P41: =_xlfn.LET( _xlpm.qty, C41, _xlpm.hours, J41*24, _xlpm.price, _xlfn.XLOOKUP(TRIM(D41), Settings!$F$4:$F$101, Settings!$H$4:$H$101, 0), _xlpm.life, _xlfn.XLOOKUP(TRIM(D41), Settings!$F$4:$F$101, Settings!$I$4:$I$101, 1), _xlpm.pct, _xlfn.XLOOKUP(TRIM(D41), Settings!$F$4:$F$101, Settings!$J$4:$J$101, 0), _xlpm.qty * _xlpm.hours * (_xlpm.price / _xlpm.life * _xlpm.pct) ) -> 736.33333 | Q41: =Jobs[[#This Row],[Post Pro/h]]*Settings!$D$18 -> 0 | R41: =(Jobs[[#This Row],[power/t]]+Jobs[[#This Row],[Matrial/t]]+Jobs[[#This Row],[downturn/t]]+Jobs[[#This Row],[Maintenance/t]]+Jobs[[#This Row],[Coloring/t]]+Jobs[[#This Row],[Extras]])*Settings!$D$12 -> 12851.798 | S41: =Jobs[[#This Row],[Matrial/t]] + Jobs[[#This Row],[power/t]] + Jobs[[#This Row],[downturn/t]] + Jobs[[#This Row],[Maintenance/t]] + Jobs[[#This Row],[Coloring/t]] + Jobs[[#This Row],[overhead/t]] + Jobs[[#This Row],[Extras]] -> 55691.126 | T41: =S41*(1+Settings!$D$5) -> 167073.38 | U41: =Jobs[[#This Row],[Sugested Price/t]] - Jobs[[#This Row],[base price/t]] -> 111382.25 | V41: =IFERROR(Jobs[[#This Row],[Gross margin/t]] / Jobs[[#This Row],[base price/t]], 0) -> 2
B42: قورباغه مه | C42: 1 | D42: Anycubic Kobra S1- office | E42: PLA | F42: Olive Green | G42: 4 | J42: 0.015972222 | M42: =_xlfn.LET( _xlpm.qty, C42, _xlpm.weight_g, G42 + H42 + Jobs[[#This Row],[Flushed/g]], _xlpm.material, TRIM(E42), _xlpm.price_per_kg, _xlfn.XLOOKUP(_xlpm.material, MaterialsTbl[Material], MaterialsTbl[Price_per_kg], 0), _xlpm.waste_pct, _xlfn.XLOOKUP(_xlpm.material, MaterialsTbl[Material], MaterialsTbl[Waste_pct], 0), _xlpm.qty * (_xlpm.weight_g / 1000) * _xlpm.price_per_kg * (1 + _xlpm.waste_pct) ) -> 10920 | N42: =_xlfn.LET( _xlpm.qty, C42, _xlpm.hours, J42*24, _xlpm.power_w, _xlfn.XLOOKUP(TRIM(D42), Settings!$F$4:$F$101, Settings!$G$4:$G$101, 120), _xlpm.rate, Settings!$D$4, _xlpm.qty * _xlpm.hours * (_xlpm.power_w / 1000) * _xlpm.rate ) -> 37.352 | O42: =_xlfn.LET( _xlpm.qty, C42, _xlpm.hours, J42*24, _xlpm.price, _xlfn.XLOOKUP(TRIM(D42), Settings!$F$4:$F$101, Settings!$H$4:$H$101, 0), _xlpm.life, _xlfn.XLOOKUP(TRIM(D42), Settings!$F$4:$F$101, Settings!$I$4:$I$101, 1), _xlpm.qty * _xlpm.hours * (_xlpm.price / _xlpm.life) ) -> 7206.6667 | P42: =_xlfn.LET( _xlpm.qty, C42, _xlpm.hours, J42*24, _xlpm.price, _xlfn.XLOOKUP(TRIM(D42), Settings!$F$4:$F$101, Settings!$H$4:$H$101, 0), _xlpm.life, _xlfn.XLOOKUP(TRIM(D42), Settings!$F$4:$F$101, Settings!$I$4:$I$101, 1), _xlpm.pct, _xlfn.XLOOKUP(TRIM(D42), Settings!$F$4:$F$101, Settings!$J$4:$J$101, 0), _xlpm.qty * _xlpm.hours * (_xlpm.price / _xlpm.life * _xlpm.pct) ) -> 360.33333 | Q42: =Jobs[[#This Row],[Post Pro/h]]*Settings!$D$18 -> 0 | R42: =(Jobs[[#This Row],[power/t]]+Jobs[[#This Row],[Matrial/t]]+Jobs[[#This Row],[downturn/t]]+Jobs[[#This Row],[Maintenance/t]]+Jobs[[#This Row],[Coloring/t]]+Jobs[[#This Row],[Extras]])*Settings!$D$12 -> 5557.3056 | S42: =Jobs[[#This Row],[Matrial/t]] + Jobs[[#This Row],[power/t]] + Jobs[[#This Row],[downturn/t]] + Jobs[[#This Row],[Maintenance/t]] + Jobs[[#This Row],[Coloring/t]] + Jobs[[#This Row],[overhead/t]] + Jobs[[#This Row],[Extras]] -> 24081.658 | T42: =S42*(1+Settings!$D$5) -> 72244.973 | U42: =Jobs[[#This Row],[Sugested Price/t]] - Jobs[[#This Row],[base price/t]] -> 48163.315 | V42: =IFERROR(Jobs[[#This Row],[Gross margin/t]] / Jobs[[#This Row],[base price/t]], 0) -> 2
B43: شیر دریایی بافت | C43: 1 | D43: Anycubic Kobra S1- office | E43: PLA | F43: white | G43: 12 | J43: 0.058333333 | M43: =_xlfn.LET( _xlpm.qty, C43, _xlpm.weight_g, G43 + H43 + Jobs[[#This Row],[Flushed/g]], _xlpm.material, TRIM(E43), _xlpm.price_per_kg, _xlfn.XLOOKUP(_xlpm.material, MaterialsTbl[Material], MaterialsTbl[Price_per_kg], 0), _xlpm.waste_pct, _xlfn.XLOOKUP(_xlpm.material, MaterialsTbl[Material], MaterialsTbl[Waste_pct], 0), _xlpm.qty * (_xlpm.weight_g / 1000) * _xlpm.price_per_kg * (1 + _xlpm.waste_pct) ) -> 32760 | N43: =_xlfn.LET( _xlpm.qty, C43, _xlpm.hours, J43*24, _xlpm.power_w, _xlfn.XLOOKUP(TRIM(D43), Settings!$F$4:$F$101, Settings!$G$4:$G$101, 120), _xlpm.rate, Settings!$D$4, _xlpm.qty * _xlpm.hours * (_xlpm.power_w / 1000) * _xlpm.rate ) -> 136.416 | O43: =_xlfn.LET( _xlpm.qty, C43, _xlpm.hours, J43*24, _xlpm.price, _xlfn.XLOOKUP(TRIM(D43), Settings!$F$4:$F$101, Settings!$H$4:$H$101, 0), _xlpm.life, _xlfn.XLOOKUP(TRIM(D43), Settings!$F$4:$F$101, Settings!$I$4:$I$101, 1), _xlpm.qty * _xlpm.hours * (_xlpm.price / _xlpm.life) ) -> 26320 | P43: =_xlfn.LET( _xlpm.qty, C43, _xlpm.hours, J43*24, _xlpm.price, _xlfn.XLOOKUP(TRIM(D43), Settings!$F$4:$F$101, Settings!$H$4:$H$101, 0), _xlpm.life, _xlfn.XLOOKUP(TRIM(D43), Settings!$F$4:$F$101, Settings!$I$4:$I$101, 1), _xlpm.pct, _xlfn.XLOOKUP(TRIM(D43), Settings!$F$4:$F$101, Settings!$J$4:$J$101, 0), _xlpm.qty * _xlpm.hours * (_xlpm.price / _xlpm.life * _xlpm.pct) ) -> 1316 | Q43: =Jobs[[#This Row],[Post Pro/h]]*Settings!$D$18 -> 0 | R43: =(Jobs[[#This Row],[power/t]]+Jobs[[#This Row],[Matrial/t]]+Jobs[[#This Row],[downturn/t]]+Jobs[[#This Row],[Maintenance/t]]+Jobs[[#This Row],[Coloring/t]]+Jobs[[#This Row],[Extras]])*Settings!$D$12 -> 18159.725 | S43: =Jobs[[#This Row],[Matrial/t]] + Jobs[[#This Row],[power/t]] + Jobs[[#This Row],[downturn/t]] + Jobs[[#This Row],[Maintenance/t]] + Jobs[[#This Row],[Coloring/t]] + Jobs[[#This Row],[overhead/t]] + Jobs[[#This Row],[Extras]] -> 78692.141 | T43: =S43*(1+Settings!$D$5) -> 236076.42 | U43: =Jobs[[#This Row],[Sugested Price/t]] - Jobs[[#This Row],[base price/t]] -> 157384.28 | V43: =IFERROR(Jobs[[#This Row],[Gross margin/t]] / Jobs[[#This Row],[base price/t]], 0) -> 2
B44: جغد بافت | C44: 1 | D44: Anycubic Kobra S1- office | E44: PLA | F44: white | G44: 22 | J44: 0.055555556 | M44: =_xlfn.LET( _xlpm.qty, C44, _xlpm.weight_g, G44 + H44 + Jobs[[#This Row],[Flushed/g]], _xlpm.material, TRIM(E44), _xlpm.price_per_kg, _xlfn.XLOOKUP(_xlpm.material, MaterialsTbl[Material], MaterialsTbl[Price_per_kg], 0), _xlpm.waste_pct, _xlfn.XLOOKUP(_xlpm.material, MaterialsTbl[Material], MaterialsTbl[Waste_pct], 0), _xlpm.qty * (_xlpm.weight_g / 1000) * _xlpm.price_per_kg * (1 + _xlpm.waste_pct) ) -> 60060 | N44: =_xlfn.LET( _xlpm.qty, C44, _xlpm.hours, J44*24, _xlpm.power_w, _xlfn.XLOOKUP(TRIM(D44), Settings!$F$4:$F$101, Settings!$G$4:$G$101, 120), _xlpm.rate, Settings!$D$4, _xlpm.qty * _xlpm.hours * (_xlpm.power_w / 1000) * _xlpm.rate ) -> 129.92 | O44: =_xlfn.LET( _xlpm.qty, C44, _xlpm.hours, J44*24, _xlpm.price, _xlfn.XLOOKUP(TRIM(D44), Settings!$F$4:$F$101, Settings!$H$4:$H$101, 0), _xlpm.life, _xlfn.XLOOKUP(TRIM(D44), Settings!$F$4:$F$101, Settings!$I$4:$I$101, 1), _xlpm.qty * _xlpm.hours * (_xlpm.price / _xlpm.life) ) -> 25066.667 | P44: =_xlfn.LET( _xlpm.qty, C44, _xlpm.hours, J44*24, _xlpm.price, _xlfn.XLOOKUP(TRIM(D44), Settings!$F$4:$F$101, Settings!$H$4:$H$101, 0), _xlpm.life, _xlfn.XLOOKUP(TRIM(D44), Settings!$F$4:$F$101, Settings!$I$4:$I$101, 1), _xlpm.pct, _xlfn.XLOOKUP(TRIM(D44), Settings!$F$4:$F$101, Settings!$J$4:$J$101, 0), _xlpm.qty * _xlpm.hours * (_xlpm.price / _xlpm.life * _xlpm.pct) ) -> 1253.3333 | Q44: =Jobs[[#This Row],[Post Pro/h]]*Settings!$D$18 -> 0 | R44: =(Jobs[[#This Row],[power/t]]+Jobs[[#This Row],[Matrial/t]]+Jobs[[#This Row],[downturn/t]]+Jobs[[#This Row],[Maintenance/t]]+Jobs[[#This Row],[Coloring/t]]+Jobs[[#This Row],[Extras]])*Settings!$D$12 -> 25952.976 | S44: =Jobs[[#This Row],[Matrial/t]] + Jobs[[#This Row],[power/t]] + Jobs[[#This Row],[downturn/t]] + Jobs[[#This Row],[Maintenance/t]] + Jobs[[#This Row],[Coloring/t]] + Jobs[[#This Row],[overhead/t]] + Jobs[[#This Row],[Extras]] -> 112462.9 | T44: =S44*(1+Settings!$D$5) -> 337388.69 | U44: =Jobs[[#This Row],[Sugested Price/t]] - Jobs[[#This Row],[base price/t]] -> 224925.79 | V44: =IFERROR(Jobs[[#This Row],[Gross margin/t]] / Jobs[[#This Row],[base price/t]], 0) -> 2
B45: پیتبول | C45: 1 | D45: Anycubic Kobra S1- office | E45: PLA | F45: white | G45: 6 | J45: 0.014583333 | M45: =_xlfn.LET( _xlpm.qty, C45, _xlpm.weight_g, G45 + H45 + Jobs[[#This Row],[Flushed/g]], _xlpm.material, TRIM(E45), _xlpm.price_per_kg, _xlfn.XLOOKUP(_xlpm.material, MaterialsTbl[Material], MaterialsTbl[Price_per_kg], 0), _xlpm.waste_pct, _xlfn.XLOOKUP(_xlpm.material, MaterialsTbl[Material], MaterialsTbl[Waste_pct], 0), _xlpm.qty * (_xlpm.weight_g / 1000) * _xlpm.price_per_kg * (1 + _xlpm.waste_pct) ) -> 16380 | N45: =_xlfn.LET( _xlpm.qty, C45, _xlpm.hours, J45*24, _xlpm.power_w, _xlfn.XLOOKUP(TRIM(D45), Settings!$F$4:$F$101, Settings!$G$4:$G$101, 120), _xlpm.rate, Settings!$D$4, _xlpm.qty * _xlpm.hours * (_xlpm.power_w / 1000) * _xlpm.rate ) -> 34.104 | O45: =_xlfn.LET( _xlpm.qty, C45, _xlpm.hours, J45*24, _xlpm.price, _xlfn.XLOOKUP(TRIM(D45), Settings!$F$4:$F$101, Settings!$H$4:$H$101, 0), _xlpm.life, _xlfn.XLOOKUP(TRIM(D45), Settings!$F$4:$F$101, Settings!$I$4:$I$101, 1), _xlpm.qty * _xlpm.hours * (_xlpm.price / _xlpm.life) ) -> 6580 | P45: =_xlfn.LET( _xlpm.qty, C45, _xlpm.hours, J45*24, _xlpm.price, _xlfn.XLOOKUP(TRIM(D45), Settings!$F$4:$F$101, Settings!$H$4:$H$101, 0), _xlpm.life, _xlfn.XLOOKUP(TRIM(D45), Settings!$F$4:$F$101, Settings!$I$4:$I$101, 1), _xlpm.pct, _xlfn.XLOOKUP(TRIM(D45), Settings!$F$4:$F$101, Settings!$J$4:$J$101, 0), _xlpm.qty * _xlpm.hours * (_xlpm.price / _xlpm.life * _xlpm.pct) ) -> 329 | Q45: =Jobs[[#This Row],[Post Pro/h]]*Settings!$D$18 -> 0 | R45: =(Jobs[[#This Row],[power/t]]+Jobs[[#This Row],[Matrial/t]]+Jobs[[#This Row],[downturn/t]]+Jobs[[#This Row],[Maintenance/t]]+Jobs[[#This Row],[Coloring/t]]+Jobs[[#This Row],[Extras]])*Settings!$D$12 -> 6996.9312 | S45: =Jobs[[#This Row],[Matrial/t]] + Jobs[[#This Row],[power/t]] + Jobs[[#This Row],[downturn/t]] + Jobs[[#This Row],[Maintenance/t]] + Jobs[[#This Row],[Coloring/t]] + Jobs[[#This Row],[overhead/t]] + Jobs[[#This Row],[Extras]] -> 30320.035 | T45: =S45*(1+Settings!$D$5) -> 90960.106 | U45: =Jobs[[#This Row],[Sugested Price/t]] - Jobs[[#This Row],[base price/t]] -> 60640.07 | V45: =IFERROR(Jobs[[#This Row],[Gross margin/t]] / Jobs[[#This Row],[base price/t]], 0) -> 2
A46: KE004 | B46: کالکشن فنری | C46: 1 | D46: Anycubic Kobra S1- office | E46: PLA | F46: white | G46: 13 | J46: 0.024305556 | M46: =_xlfn.LET( _xlpm.qty, C46, _xlpm.weight_g, G46 + H46 + Jobs[[#This Row],[Flushed/g]], _xlpm.material, TRIM(E46), _xlpm.price_per_kg, _xlfn.XLOOKUP(_xlpm.material, MaterialsTbl[Material], MaterialsTbl[Price_per_kg], 0), _xlpm.waste_pct, _xlfn.XLOOKUP(_xlpm.material, MaterialsTbl[Material], MaterialsTbl[Waste_pct], 0), _xlpm.qty * (_xlpm.weight_g / 1000) * _xlpm.price_per_kg * (1 + _xlpm.waste_pct) ) -> 35490 | N46: =_xlfn.LET( _xlpm.qty, C46, _xlpm.hours, J46*24, _xlpm.power_w, _xlfn.XLOOKUP(TRIM(D46), Settings!$F$4:$F$101, Settings!$G$4:$G$101, 120), _xlpm.rate, Settings!$D$4, _xlpm.qty * _xlpm.hours * (_xlpm.power_w / 1000) * _xlpm.rate ) -> 56.84 | O46: =_xlfn.LET( _xlpm.qty, C46, _xlpm.hours, J46*24, _xlpm.price, _xlfn.XLOOKUP(TRIM(D46), Settings!$F$4:$F$101, Settings!$H$4:$H$101, 0), _xlpm.life, _xlfn.XLOOKUP(TRIM(D46), Settings!$F$4:$F$101, Settings!$I$4:$I$101, 1), _xlpm.qty * _xlpm.hours * (_xlpm.price / _xlpm.life) ) -> 10966.667 | P46: =_xlfn.LET( _xlpm.qty, C46, _xlpm.hours, J46*24, _xlpm.price, _xlfn.XLOOKUP(TRIM(D46), Settings!$F$4:$F$101, Settings!$H$4:$H$101, 0), _xlpm.life, _xlfn.XLOOKUP(TRIM(D46), Settings!$F$4:$F$101, Settings!$I$4:$I$101, 1), _xlpm.pct, _xlfn.XLOOKUP(TRIM(D46), Settings!$F$4:$F$101, Settings!$J$4:$J$101, 0), _xlpm.qty * _xlpm.hours * (_xlpm.price / _xlpm.life * _xlpm.pct) ) -> 548.33333 | Q46: =Jobs[[#This Row],[Post Pro/h]]*Settings!$D$18 -> 0 | R46: =(Jobs[[#This Row],[power/t]]+Jobs[[#This Row],[Matrial/t]]+Jobs[[#This Row],[downturn/t]]+Jobs[[#This Row],[Maintenance/t]]+Jobs[[#This Row],[Coloring/t]]+Jobs[[#This Row],[Extras]])*Settings!$D$12 -> 14118.552 | S46: =Jobs[[#This Row],[Matrial/t]] + Jobs[[#This Row],[power/t]] + Jobs[[#This Row],[downturn/t]] + Jobs[[#This Row],[Maintenance/t]] + Jobs[[#This Row],[Coloring/t]] + Jobs[[#This Row],[overhead/t]] + Jobs[[#This Row],[Extras]] -> 61180.392 | T46: =S46*(1+Settings!$D$5) -> 183541.18 | U46: =Jobs[[#This Row],[Sugested Price/t]] - Jobs[[#This Row],[base price/t]] -> 122360.78 | V46: =IFERROR(Jobs[[#This Row],[Gross margin/t]] / Jobs[[#This Row],[base price/t]], 0) -> 2
B47: فیدجت چرخونکی فنری | C47: 1 | D47: Anycubic Kobra S1- office | E47: PLA | F47: gray | G47: 29 | J47: 0.052083333 | M47: =_xlfn.LET( _xlpm.qty, C47, _xlpm.weight_g, G47 + H47 + Jobs[[#This Row],[Flushed/g]], _xlpm.material, TRIM(E47), _xlpm.price_per_kg, _xlfn.XLOOKUP(_xlpm.material, MaterialsTbl[Material], MaterialsTbl[Price_per_kg], 0), _xlpm.waste_pct, _xlfn.XLOOKUP(_xlpm.material, MaterialsTbl[Material], MaterialsTbl[Waste_pct], 0), _xlpm.qty * (_xlpm.weight_g / 1000) * _xlpm.price_per_kg * (1 + _xlpm.waste_pct) ) -> 79170 | N47: =_xlfn.LET( _xlpm.qty, C47, _xlpm.hours, J47*24, _xlpm.power_w, _xlfn.XLOOKUP(TRIM(D47), Settings!$F$4:$F$101, Settings!$G$4:$G$101, 120), _xlpm.rate, Settings!$D$4, _xlpm.qty * _xlpm.hours * (_xlpm.power_w / 1000) * _xlpm.rate ) -> 121.8 | O47: =_xlfn.LET( _xlpm.qty, C47, _xlpm.hours, J47*24, _xlpm.price, _xlfn.XLOOKUP(TRIM(D47), Settings!$F$4:$F$101, Settings!$H$4:$H$101, 0), _xlpm.life, _xlfn.XLOOKUP(TRIM(D47), Settings!$F$4:$F$101, Settings!$I$4:$I$101, 1), _xlpm.qty * _xlpm.hours * (_xlpm.price / _xlpm.life) ) -> 23500 | P47: =_xlfn.LET( _xlpm.qty, C47, _xlpm.hours, J47*24, _xlpm.price, _xlfn.XLOOKUP(TRIM(D47), Settings!$F$4:$F$101, Settings!$H$4:$H$101, 0), _xlpm.life, _xlfn.XLOOKUP(TRIM(D47), Settings!$F$4:$F$101, Settings!$I$4:$I$101, 1), _xlpm.pct, _xlfn.XLOOKUP(TRIM(D47), Settings!$F$4:$F$101, Settings!$J$4:$J$101, 0), _xlpm.qty * _xlpm.hours * (_xlpm.price / _xlpm.life * _xlpm.pct) ) -> 1175 | Q47: =Jobs[[#This Row],[Post Pro/h]]*Settings!$D$18 -> 0 | R47: =(Jobs[[#This Row],[power/t]]+Jobs[[#This Row],[Matrial/t]]+Jobs[[#This Row],[downturn/t]]+Jobs[[#This Row],[Maintenance/t]]+Jobs[[#This Row],[Coloring/t]]+Jobs[[#This Row],[Extras]])*Settings!$D$12 -> 31190.04 | S47: =Jobs[[#This Row],[Matrial/t]] + Jobs[[#This Row],[power/t]] + Jobs[[#This Row],[downturn/t]] + Jobs[[#This Row],[Maintenance/t]] + Jobs[[#This Row],[Coloring/t]] + Jobs[[#This Row],[overhead/t]] + Jobs[[#This Row],[Extras]] -> 135156.84 | T47: =S47*(1+Settings!$D$5) -> 405470.52 | U47: =Jobs[[#This Row],[Sugested Price/t]] - Jobs[[#This Row],[base price/t]] -> 270313.68 | V47: =IFERROR(Jobs[[#This Row],[Gross margin/t]] / Jobs[[#This Row],[base price/t]], 0) -> 2
B48: ریل فینگر برد | C48: 1 | D48: Anycubic Kobra S1- office | E48: PLA | F48: Black | G48: 32 | J48: 0.041666667 | M48: =_xlfn.LET( _xlpm.qty, C48, _xlpm.weight_g, G48 + H48 + Jobs[[#This Row],[Flushed/g]], _xlpm.material, TRIM(E48), _xlpm.price_per_kg, _xlfn.XLOOKUP(_xlpm.material, MaterialsTbl[Material], MaterialsTbl[Price_per_kg], 0), _xlpm.waste_pct, _xlfn.XLOOKUP(_xlpm.material, MaterialsTbl[Material], MaterialsTbl[Waste_pct], 0), _xlpm.qty * (_xlpm.weight_g / 1000) * _xlpm.price_per_kg * (1 + _xlpm.waste_pct) ) -> 87360 | N48: =_xlfn.LET( _xlpm.qty, C48, _xlpm.hours, J48*24, _xlpm.power_w, _xlfn.XLOOKUP(TRIM(D48), Settings!$F$4:$F$101, Settings!$G$4:$G$101, 120), _xlpm.rate, Settings!$D$4, _xlpm.qty * _xlpm.hours * (_xlpm.power_w / 1000) * _xlpm.rate ) -> 97.44 | O48: =_xlfn.LET( _xlpm.qty, C48, _xlpm.hours, J48*24, _xlpm.price, _xlfn.XLOOKUP(TRIM(D48), Settings!$F$4:$F$101, Settings!$H$4:$H$101, 0), _xlpm.life, _xlfn.XLOOKUP(TRIM(D48), Settings!$F$4:$F$101, Settings!$I$4:$I$101, 1), _xlpm.qty * _xlpm.hours * (_xlpm.price / _xlpm.life) ) -> 18800 | P48: =_xlfn.LET( _xlpm.qty, C48, _xlpm.hours, J48*24, _xlpm.price, _xlfn.XLOOKUP(TRIM(D48), Settings!$F$4:$F$101, Settings!$H$4:$H$101, 0), _xlpm.life, _xlfn.XLOOKUP(TRIM(D48), Settings!$F$4:$F$101, Settings!$I$4:$I$101, 1), _xlpm.pct, _xlfn.XLOOKUP(TRIM(D48), Settings!$F$4:$F$101, Settings!$J$4:$J$101, 0), _xlpm.qty * _xlpm.hours * (_xlpm.price / _xlpm.life * _xlpm.pct) ) -> 940 | Q48: =Jobs[[#This Row],[Post Pro/h]]*Settings!$D$18 -> 0 | R48: =(Jobs[[#This Row],[power/t]]+Jobs[[#This Row],[Matrial/t]]+Jobs[[#This Row],[downturn/t]]+Jobs[[#This Row],[Maintenance/t]]+Jobs[[#This Row],[Coloring/t]]+Jobs[[#This Row],[Extras]])*Settings!$D$12 -> 32159.232 | S48: =Jobs[[#This Row],[Matrial/t]] + Jobs[[#This Row],[power/t]] + Jobs[[#This Row],[downturn/t]] + Jobs[[#This Row],[Maintenance/t]] + Jobs[[#This Row],[Coloring/t]] + Jobs[[#This Row],[overhead/t]] + Jobs[[#This Row],[Extras]] -> 139356.67 | T48: =S48*(1+Settings!$D$5) -> 418070.02 | U48: =Jobs[[#This Row],[Sugested Price/t]] - Jobs[[#This Row],[base price/t]] -> 278713.34 | V48: =IFERROR(Jobs[[#This Row],[Gross margin/t]] / Jobs[[#This Row],[base price/t]], 0) -> 2
B49: اسنوبرد فینگربرد | C49: 1 | D49: Anycubic Kobra S1- office | E49: PLA | F49: Black | G49: 36 | J49: 0.074305556 | M49: =_xlfn.LET( _xlpm.qty, C49, _xlpm.weight_g, G49 + H49 + Jobs[[#This Row],[Flushed/g]], _xlpm.material, TRIM(E49), _xlpm.price_per_kg, _xlfn.XLOOKUP(_xlpm.material, MaterialsTbl[Material], MaterialsTbl[Price_per_kg], 0), _xlpm.waste_pct, _xlfn.XLOOKUP(_xlpm.material, MaterialsTbl[Material], MaterialsTbl[Waste_pct], 0), _xlpm.qty * (_xlpm.weight_g / 1000) * _xlpm.price_per_kg * (1 + _xlpm.waste_pct) ) -> 98280 | N49: =_xlfn.LET( _xlpm.qty, C49, _xlpm.hours, J49*24, _xlpm.power_w, _xlfn.XLOOKUP(TRIM(D49), Settings!$F$4:$F$101, Settings!$G$4:$G$101, 120), _xlpm.rate, Settings!$D$4, _xlpm.qty * _xlpm.hours * (_xlpm.power_w / 1000) * _xlpm.rate ) -> 173.768 | O49: =_xlfn.LET( _xlpm.qty, C49, _xlpm.hours, J49*24, _xlpm.price, _xlfn.XLOOKUP(TRIM(D49), Settings!$F$4:$F$101, Settings!$H$4:$H$101, 0), _xlpm.life, _xlfn.XLOOKUP(TRIM(D49), Settings!$F$4:$F$101, Settings!$I$4:$I$101, 1), _xlpm.qty * _xlpm.hours * (_xlpm.price / _xlpm.life) ) -> 33526.667 | P49: =_xlfn.LET( _xlpm.qty, C49, _xlpm.hours, J49*24, _xlpm.price, _xlfn.XLOOKUP(TRIM(D49), Settings!$F$4:$F$101, Settings!$H$4:$H$101, 0), _xlpm.life, _xlfn.XLOOKUP(TRIM(D49), Settings!$F$4:$F$101, Settings!$I$4:$I$101, 1), _xlpm.pct, _xlfn.XLOOKUP(TRIM(D49), Settings!$F$4:$F$101, Settings!$J$4:$J$101, 0), _xlpm.qty * _xlpm.hours * (_xlpm.price / _xlpm.life * _xlpm.pct) ) -> 1676.3333 | Q49: =Jobs[[#This Row],[Post Pro/h]]*Settings!$D$18 -> 0 | R49: =(Jobs[[#This Row],[power/t]]+Jobs[[#This Row],[Matrial/t]]+Jobs[[#This Row],[downturn/t]]+Jobs[[#This Row],[Maintenance/t]]+Jobs[[#This Row],[Coloring/t]]+Jobs[[#This Row],[Extras]])*Settings!$D$12 -> 40097.03 | S49: =Jobs[[#This Row],[Matrial/t]] + Jobs[[#This Row],[power/t]] + Jobs[[#This Row],[downturn/t]] + Jobs[[#This Row],[Maintenance/t]] + Jobs[[#This Row],[Coloring/t]] + Jobs[[#This Row],[overhead/t]] + Jobs[[#This Row],[Extras]] -> 173753.8 | T49: =S49*(1+Settings!$D$5) -> 521261.4 | U49: =Jobs[[#This Row],[Sugested Price/t]] - Jobs[[#This Row],[base price/t]] -> 347507.6 | V49: =IFERROR(Jobs[[#This Row],[Gross margin/t]] / Jobs[[#This Row],[base price/t]], 0) -> 2
B50: آویز دیواری اسکیت برد | C50: 1 | D50: Anycubic Kobra S1- office | E50: PETG | F50: Black | G50: 85 | J50: 0.10416667 | M50: =_xlfn.LET( _xlpm.qty, C50, _xlpm.weight_g, G50 + H50 + Jobs[[#This Row],[Flushed/g]], _xlpm.material, TRIM(E50), _xlpm.price_per_kg, _xlfn.XLOOKUP(_xlpm.material, MaterialsTbl[Material], MaterialsTbl[Price_per_kg], 0), _xlpm.waste_pct, _xlfn.XLOOKUP(_xlpm.material, MaterialsTbl[Material], MaterialsTbl[Waste_pct], 0), _xlpm.qty * (_xlpm.weight_g / 1000) * _xlpm.price_per_kg * (1 + _xlpm.waste_pct) ) -> 291040 | N50: =_xlfn.LET( _xlpm.qty, C50, _xlpm.hours, J50*24, _xlpm.power_w, _xlfn.XLOOKUP(TRIM(D50), Settings!$F$4:$F$101, Settings!$G$4:$G$101, 120), _xlpm.rate, Settings!$D$4, _xlpm.qty * _xlpm.hours * (_xlpm.power_w / 1000) * _xlpm.rate ) -> 243.6 | O50: =_xlfn.LET( _xlpm.qty, C50, _xlpm.hours, J50*24, _xlpm.price, _xlfn.XLOOKUP(TRIM(D50), Settings!$F$4:$F$101, Settings!$H$4:$H$101, 0), _xlpm.life, _xlfn.XLOOKUP(TRIM(D50), Settings!$F$4:$F$101, Settings!$I$4:$I$101, 1), _xlpm.qty * _xlpm.hours * (_xlpm.price / _xlpm.life) ) -> 47000 | P50: =_xlfn.LET( _xlpm.qty, C50, _xlpm.hours, J50*24, _xlpm.price, _xlfn.XLOOKUP(TRIM(D50), Settings!$F$4:$F$101, Settings!$H$4:$H$101, 0), _xlpm.life, _xlfn.XLOOKUP(TRIM(D50), Settings!$F$4:$F$101, Settings!$I$4:$I$101, 1), _xlpm.pct, _xlfn.XLOOKUP(TRIM(D50), Settings!$F$4:$F$101, Settings!$J$4:$J$101, 0), _xlpm.qty * _xlpm.hours * (_xlpm.price / _xlpm.life * _xlpm.pct) ) -> 2350 | Q50: =Jobs[[#This Row],[Post Pro/h]]*Settings!$D$18 -> 0 | R50: =(Jobs[[#This Row],[power/t]]+Jobs[[#This Row],[Matrial/t]]+Jobs[[#This Row],[downturn/t]]+Jobs[[#This Row],[Maintenance/t]]+Jobs[[#This Row],[Coloring/t]]+Jobs[[#This Row],[Extras]])*Settings!$D$12 -> 102190.08 | S50: =Jobs[[#This Row],[Matrial/t]] + Jobs[[#This Row],[power/t]] + Jobs[[#This Row],[downturn/t]] + Jobs[[#This Row],[Maintenance/t]] + Jobs[[#This Row],[Coloring/t]] + Jobs[[#This Row],[overhead/t]] + Jobs[[#This Row],[Extras]] -> 442823.68 | T50: =S50*(1+Settings!$D$5) -> 1328471 | U50: =Jobs[[#This Row],[Sugested Price/t]] - Jobs[[#This Row],[base price/t]] -> 885647.36 | V50: =IFERROR(Jobs[[#This Row],[Gross margin/t]] / Jobs[[#This Row],[base price/t]], 0) -> 2
B51: آویز دیواری رول اسکیت | C51: 1 | D51: Anycubic Kobra S1- office | E51: PLA | F51: Black | G51: 114 | J51: 0.15277778 | M51: =_xlfn.LET( _xlpm.qty, C51, _xlpm.weight_g, G51 + H51 + Jobs[[#This Row],[Flushed/g]], _xlpm.material, TRIM(E51), _xlpm.price_per_kg, _xlfn.XLOOKUP(_xlpm.material, MaterialsTbl[Material], MaterialsTbl[Price_per_kg], 0), _xlpm.waste_pct, _xlfn.XLOOKUP(_xlpm.material, MaterialsTbl[Material], MaterialsTbl[Waste_pct], 0), _xlpm.qty * (_xlpm.weight_g / 1000) * _xlpm.price_per_kg * (1 + _xlpm.waste_pct) ) -> 311220 | N51: =_xlfn.LET( _xlpm.qty, C51, _xlpm.hours, J51*24, _xlpm.power_w, _xlfn.XLOOKUP(TRIM(D51), Settings!$F$4:$F$101, Settings!$G$4:$G$101, 120), _xlpm.rate, Settings!$D$4, _xlpm.qty * _xlpm.hours * (_xlpm.power_w / 1000) * _xlpm.rate ) -> 357.28 | O51: =_xlfn.LET( _xlpm.qty, C51, _xlpm.hours, J51*24, _xlpm.price, _xlfn.XLOOKUP(TRIM(D51), Settings!$F$4:$F$101, Settings!$H$4:$H$101, 0), _xlpm.life, _xlfn.XLOOKUP(TRIM(D51), Settings!$F$4:$F$101, Settings!$I$4:$I$101, 1), _xlpm.qty * _xlpm.hours * (_xlpm.price / _xlpm.life) ) -> 68933.333 | P51: =_xlfn.LET( _xlpm.qty, C51, _xlpm.hours, J51*24, _xlpm.price, _xlfn.XLOOKUP(TRIM(D51), Settings!$F$4:$F$101, Settings!$H$4:$H$101, 0), _xlpm.life, _xlfn.XLOOKUP(TRIM(D51), Settings!$F$4:$F$101, Settings!$I$4:$I$101, 1), _xlpm.pct, _xlfn.XLOOKUP(TRIM(D51), Settings!$F$4:$F$101, Settings!$J$4:$J$101, 0), _xlpm.qty * _xlpm.hours * (_xlpm.price / _xlpm.life * _xlpm.pct) ) -> 3446.6667 | Q51: =Jobs[[#This Row],[Post Pro/h]]*Settings!$D$18 -> 0 | R51: =(Jobs[[#This Row],[power/t]]+Jobs[[#This Row],[Matrial/t]]+Jobs[[#This Row],[downturn/t]]+Jobs[[#This Row],[Maintenance/t]]+Jobs[[#This Row],[Coloring/t]]+Jobs[[#This Row],[Extras]])*Settings!$D$12 -> 115187.18 | S51: =Jobs[[#This Row],[Matrial/t]] + Jobs[[#This Row],[power/t]] + Jobs[[#This Row],[downturn/t]] + Jobs[[#This Row],[Maintenance/t]] + Jobs[[#This Row],[Coloring/t]] + Jobs[[#This Row],[overhead/t]] + Jobs[[#This Row],[Extras]] -> 499144.46 | T51: =S51*(1+Settings!$D$5) -> 1497433.4 | U51: =Jobs[[#This Row],[Sugested Price/t]] - Jobs[[#This Row],[base price/t]] -> 998288.93 | V51: =IFERROR(Jobs[[#This Row],[Gross margin/t]] / Jobs[[#This Row],[base price/t]], 0) -> 2
A52: KE001 | B52: اژدهای کریستالی فلکسی | C52: 1 | D52: Anycubic Kobra S1- office | E52: PLA | F52: Black | G52: 14 | J52: 0.048611111 | M52: =_xlfn.LET( _xlpm.qty, C52, _xlpm.weight_g, G52 + H52 + Jobs[[#This Row],[Flushed/g]], _xlpm.material, TRIM(E52), _xlpm.price_per_kg, _xlfn.XLOOKUP(_xlpm.material, MaterialsTbl[Material], MaterialsTbl[Price_per_kg], 0), _xlpm.waste_pct, _xlfn.XLOOKUP(_xlpm.material, MaterialsTbl[Material], MaterialsTbl[Waste_pct], 0), _xlpm.qty * (_xlpm.weight_g / 1000) * _xlpm.price_per_kg * (1 + _xlpm.waste_pct) ) -> 38220 | N52: =_xlfn.LET( _xlpm.qty, C52, _xlpm.hours, J52*24, _xlpm.power_w, _xlfn.XLOOKUP(TRIM(D52), Settings!$F$4:$F$101, Settings!$G$4:$G$101, 120), _xlpm.rate, Settings!$D$4, _xlpm.qty * _xlpm.hours * (_xlpm.power_w / 1000) * _xlpm.rate ) -> 113.68 | O52: =_xlfn.LET( _xlpm.qty, C52, _xlpm.hours, J52*24, _xlpm.price, _xlfn.XLOOKUP(TRIM(D52), Settings!$F$4:$F$101, Settings!$H$4:$H$101, 0), _xlpm.life, _xlfn.XLOOKUP(TRIM(D52), Settings!$F$4:$F$101, Settings!$I$4:$I$101, 1), _xlpm.qty * _xlpm.hours * (_xlpm.price / _xlpm.life) ) -> 21933.333 | P52: =_xlfn.LET( _xlpm.qty, C52, _xlpm.hours, J52*24, _xlpm.price, _xlfn.XLOOKUP(TRIM(D52), Settings!$F$4:$F$101, Settings!$H$4:$H$101, 0), _xlpm.life, _xlfn.XLOOKUP(TRIM(D52), Settings!$F$4:$F$101, Settings!$I$4:$I$101, 1), _xlpm.pct, _xlfn.XLOOKUP(TRIM(D52), Settings!$F$4:$F$101, Settings!$J$4:$J$101, 0), _xlpm.qty * _xlpm.hours * (_xlpm.price / _xlpm.life * _xlpm.pct) ) -> 1096.6667 | Q52: =Jobs[[#This Row],[Post Pro/h]]*Settings!$D$18 -> 0 | R52: =(Jobs[[#This Row],[power/t]]+Jobs[[#This Row],[Matrial/t]]+Jobs[[#This Row],[downturn/t]]+Jobs[[#This Row],[Maintenance/t]]+Jobs[[#This Row],[Coloring/t]]+Jobs[[#This Row],[Extras]])*Settings!$D$12 -> 18409.104 | S52: =Jobs[[#This Row],[Matrial/t]] + Jobs[[#This Row],[power/t]] + Jobs[[#This Row],[downturn/t]] + Jobs[[#This Row],[Maintenance/t]] + Jobs[[#This Row],[Coloring/t]] + Jobs[[#This Row],[overhead/t]] + Jobs[[#This Row],[Extras]] -> 79772.784 | T52: =S52*(1+Settings!$D$5) -> 239318.35 | U52: =Jobs[[#This Row],[Sugested Price/t]] - Jobs[[#This Row],[base price/t]] -> 159545.57 | V52: =IFERROR(Jobs[[#This Row],[Gross margin/t]] / Jobs[[#This Row],[base price/t]], 0) -> 2
A53: KE003 | B53: اژدهای قلبی فلکسی | C53: 1 | D53: Anycubic Kobra S1- barbod | E53: PLA | F53: Black | G53: 10 | J53: 0.033333333 | M53: =_xlfn.LET( _xlpm.qty, C53, _xlpm.weight_g, G53 + H53 + Jobs[[#This Row],[Flushed/g]], _xlpm.material, TRIM(E53), _xlpm.price_per_kg, _xlfn.XLOOKUP(_xlpm.material, MaterialsTbl[Material], MaterialsTbl[Price_per_kg], 0), _xlpm.waste_pct, _xlfn.XLOOKUP(_xlpm.material, MaterialsTbl[Material], MaterialsTbl[Waste_pct], 0), _xlpm.qty * (_xlpm.weight_g / 1000) * _xlpm.price_per_kg * (1 + _xlpm.waste_pct) ) -> 27300 | N53: =_xlfn.LET( _xlpm.qty, C53, _xlpm.hours, J53*24, _xlpm.power_w, _xlfn.XLOOKUP(TRIM(D53), Settings!$F$4:$F$101, Settings!$G$4:$G$101, 120), _xlpm.rate, Settings!$D$4, _xlpm.qty * _xlpm.hours * (_xlpm.power_w / 1000) * _xlpm.rate ) -> 77.952 | O53: =_xlfn.LET( _xlpm.qty, C53, _xlpm.hours, J53*24, _xlpm.price, _xlfn.XLOOKUP(TRIM(D53), Settings!$F$4:$F$101, Settings!$H$4:$H$101, 0), _xlpm.life, _xlfn.XLOOKUP(TRIM(D53), Settings!$F$4:$F$101, Settings!$I$4:$I$101, 1), _xlpm.qty * _xlpm.hours * (_xlpm.price / _xlpm.life) ) -> 12000 | P53: =_xlfn.LET( _xlpm.qty, C53, _xlpm.hours, J53*24, _xlpm.price, _xlfn.XLOOKUP(TRIM(D53), Settings!$F$4:$F$101, Settings!$H$4:$H$101, 0), _xlpm.life, _xlfn.XLOOKUP(TRIM(D53), Settings!$F$4:$F$101, Settings!$I$4:$I$101, 1), _xlpm.pct, _xlfn.XLOOKUP(TRIM(D53), Settings!$F$4:$F$101, Settings!$J$4:$J$101, 0), _xlpm.qty * _xlpm.hours * (_xlpm.price / _xlpm.life * _xlpm.pct) ) -> 600 | Q53: =Jobs[[#This Row],[Post Pro/h]]*Settings!$D$18 -> 0 | R53: =(Jobs[[#This Row],[power/t]]+Jobs[[#This Row],[Matrial/t]]+Jobs[[#This Row],[downturn/t]]+Jobs[[#This Row],[Maintenance/t]]+Jobs[[#This Row],[Coloring/t]]+Jobs[[#This Row],[Extras]])*Settings!$D$12 -> 11993.386 | S53: =Jobs[[#This Row],[Matrial/t]] + Jobs[[#This Row],[power/t]] + Jobs[[#This Row],[downturn/t]] + Jobs[[#This Row],[Maintenance/t]] + Jobs[[#This Row],[Coloring/t]] + Jobs[[#This Row],[overhead/t]] + Jobs[[#This Row],[Extras]] -> 51971.338 | T53: =S53*(1+Settings!$D$5) -> 155914.01 | U53: =Jobs[[#This Row],[Sugested Price/t]] - Jobs[[#This Row],[base price/t]] -> 103942.68 | V53: =IFERROR(Jobs[[#This Row],[Gross margin/t]] / Jobs[[#This Row],[base price/t]], 0) -> 2
A54: KE005 | B54: کالکشن گیتار | C54: 1 | D54: Anycubic Kobra S1- barbod | E54: PLA | F54: Black | G54: 5 | J54: 0.013888889 | M54: =_xlfn.LET( _xlpm.qty, C54, _xlpm.weight_g, G54 + H54 + Jobs[[#This Row],[Flushed/g]], _xlpm.material, TRIM(E54), _xlpm.price_per_kg, _xlfn.XLOOKUP(_xlpm.material, MaterialsTbl[Material], MaterialsTbl[Price_per_kg], 0), _xlpm.waste_pct, _xlfn.XLOOKUP(_xlpm.material, MaterialsTbl[Material], MaterialsTbl[Waste_pct], 0), _xlpm.qty * (_xlpm.weight_g / 1000) * _xlpm.price_per_kg * (1 + _xlpm.waste_pct) ) -> 13650 | N54: =_xlfn.LET( _xlpm.qty, C54, _xlpm.hours, J54*24, _xlpm.power_w, _xlfn.XLOOKUP(TRIM(D54), Settings!$F$4:$F$101, Settings!$G$4:$G$101, 120), _xlpm.rate, Settings!$D$4, _xlpm.qty * _xlpm.hours * (_xlpm.power_w / 1000) * _xlpm.rate ) -> 32.48 | O54: =_xlfn.LET( _xlpm.qty, C54, _xlpm.hours, J54*24, _xlpm.price, _xlfn.XLOOKUP(TRIM(D54), Settings!$F$4:$F$101, Settings!$H$4:$H$101, 0), _xlpm.life, _xlfn.XLOOKUP(TRIM(D54), Settings!$F$4:$F$101, Settings!$I$4:$I$101, 1), _xlpm.qty * _xlpm.hours * (_xlpm.price / _xlpm.life) ) -> 5000 | P54: =_xlfn.LET( _xlpm.qty, C54, _xlpm.hours, J54*24, _xlpm.price, _xlfn.XLOOKUP(TRIM(D54), Settings!$F$4:$F$101, Settings!$H$4:$H$101, 0), _xlpm.life, _xlfn.XLOOKUP(TRIM(D54), Settings!$F$4:$F$101, Settings!$I$4:$I$101, 1), _xlpm.pct, _xlfn.XLOOKUP(TRIM(D54), Settings!$F$4:$F$101, Settings!$J$4:$J$101, 0), _xlpm.qty * _xlpm.hours * (_xlpm.price / _xlpm.life * _xlpm.pct) ) -> 250 | Q54: =Jobs[[#This Row],[Post Pro/h]]*Settings!$D$18 -> 0 | R54: =(Jobs[[#This Row],[power/t]]+Jobs[[#This Row],[Matrial/t]]+Jobs[[#This Row],[downturn/t]]+Jobs[[#This Row],[Maintenance/t]]+Jobs[[#This Row],[Coloring/t]]+Jobs[[#This Row],[Extras]])*Settings!$D$12 -> 5679.744 | S54: =Jobs[[#This Row],[Matrial/t]] + Jobs[[#This Row],[power/t]] + Jobs[[#This Row],[downturn/t]] + Jobs[[#This Row],[Maintenance/t]] + Jobs[[#This Row],[Coloring/t]] + Jobs[[#This Row],[overhead/t]] + Jobs[[#This Row],[Extras]] -> 24612.224 | T54: =S54*(1+Settings!$D$5) -> 73836.672 | U54: =Jobs[[#This Row],[Sugested Price/t]] - Jobs[[#This Row],[base price/t]] -> 49224.448 | V54: =IFERROR(Jobs[[#This Row],[Gross margin/t]] / Jobs[[#This Row],[base price/t]], 0) -> 2
A55: KE006 | B55: کالکشن حیوانات اسیر | C55: 1 | D55: Anycubic Kobra S1- barbod | E55: PLA | F55: Black | G55: 7 | J55: 0.020833333 | M55: =_xlfn.LET( _xlpm.qty, C55, _xlpm.weight_g, G55 + H55 + Jobs[[#This Row],[Flushed/g]], _xlpm.material, TRIM(E55), _xlpm.price_per_kg, _xlfn.XLOOKUP(_xlpm.material, MaterialsTbl[Material], MaterialsTbl[Price_per_kg], 0), _xlpm.waste_pct, _xlfn.XLOOKUP(_xlpm.material, MaterialsTbl[Material], MaterialsTbl[Waste_pct], 0), _xlpm.qty * (_xlpm.weight_g / 1000) * _xlpm.price_per_kg * (1 + _xlpm.waste_pct) ) -> 19110 | N55: =_xlfn.LET( _xlpm.qty, C55, _xlpm.hours, J55*24, _xlpm.power_w, _xlfn.XLOOKUP(TRIM(D55), Settings!$F$4:$F$101, Settings!$G$4:$G$101, 120), _xlpm.rate, Settings!$D$4, _xlpm.qty * _xlpm.hours * (_xlpm.power_w / 1000) * _xlpm.rate ) -> 48.72 | O55: =_xlfn.LET( _xlpm.qty, C55, _xlpm.hours, J55*24, _xlpm.price, _xlfn.XLOOKUP(TRIM(D55), Settings!$F$4:$F$101, Settings!$H$4:$H$101, 0), _xlpm.life, _xlfn.XLOOKUP(TRIM(D55), Settings!$F$4:$F$101, Settings!$I$4:$I$101, 1), _xlpm.qty * _xlpm.hours * (_xlpm.price / _xlpm.life) ) -> 7500 | P55: =_xlfn.LET( _xlpm.qty, C55, _xlpm.hours, J55*24, _xlpm.price, _xlfn.XLOOKUP(TRIM(D55), Settings!$F$4:$F$101, Settings!$H$4:$H$101, 0), _xlpm.life, _xlfn.XLOOKUP(TRIM(D55), Settings!$F$4:$F$101, Settings!$I$4:$I$101, 1), _xlpm.pct, _xlfn.XLOOKUP(TRIM(D55), Settings!$F$4:$F$101, Settings!$J$4:$J$101, 0), _xlpm.qty * _xlpm.hours * (_xlpm.price / _xlpm.life * _xlpm.pct) ) -> 375 | Q55: =Jobs[[#This Row],[Post Pro/h]]*Settings!$D$18 -> 0 | R55: =(Jobs[[#This Row],[power/t]]+Jobs[[#This Row],[Matrial/t]]+Jobs[[#This Row],[downturn/t]]+Jobs[[#This Row],[Maintenance/t]]+Jobs[[#This Row],[Coloring/t]]+Jobs[[#This Row],[Extras]])*Settings!$D$12 -> 8110.116 | S55: =Jobs[[#This Row],[Matrial/t]] + Jobs[[#This Row],[power/t]] + Jobs[[#This Row],[downturn/t]] + Jobs[[#This Row],[Maintenance/t]] + Jobs[[#This Row],[Coloring/t]] + Jobs[[#This Row],[overhead/t]] + Jobs[[#This Row],[Extras]] -> 35143.836 | T55: =S55*(1+Settings!$D$5) -> 105431.51 | U55: =Jobs[[#This Row],[Sugested Price/t]] - Jobs[[#This Row],[base price/t]] -> 70287.672 | V55: =IFERROR(Jobs[[#This Row],[Gross margin/t]] / Jobs[[#This Row],[base price/t]], 0) -> 2
A56: KE007 | B56: کالکشن باشگاه | C56: 1 | D56: Anycubic Kobra S1- barbod | E56: PLA | F56: Black | G56: 60 | J56: 0.11111111 | M56: =_xlfn.LET( _xlpm.qty, C56, _xlpm.weight_g, G56 + H56 + Jobs[[#This Row],[Flushed/g]], _xlpm.material, TRIM(E56), _xlpm.price_per_kg, _xlfn.XLOOKUP(_xlpm.material, MaterialsTbl[Material], MaterialsTbl[Price_per_kg], 0), _xlpm.waste_pct, _xlfn.XLOOKUP(_xlpm.material, MaterialsTbl[Material], MaterialsTbl[Waste_pct], 0), _xlpm.qty * (_xlpm.weight_g / 1000) * _xlpm.price_per_kg * (1 + _xlpm.waste_pct) ) -> 163800 | N56: =_xlfn.LET( _xlpm.qty, C56, _xlpm.hours, J56*24, _xlpm.power_w, _xlfn.XLOOKUP(TRIM(D56), Settings!$F$4:$F$101, Settings!$G$4:$G$101, 120), _xlpm.rate, Settings!$D$4, _xlpm.qty * _xlpm.hours * (_xlpm.power_w / 1000) * _xlpm.rate ) -> 259.84 | O56: =_xlfn.LET( _xlpm.qty, C56, _xlpm.hours, J56*24, _xlpm.price, _xlfn.XLOOKUP(TRIM(D56), Settings!$F$4:$F$101, Settings!$H$4:$H$101, 0), _xlpm.life, _xlfn.XLOOKUP(TRIM(D56), Settings!$F$4:$F$101, Settings!$I$4:$I$101, 1), _xlpm.qty * _xlpm.hours * (_xlpm.price / _xlpm.life) ) -> 40000 | P56: =_xlfn.LET( _xlpm.qty, C56, _xlpm.hours, J56*24, _xlpm.price, _xlfn.XLOOKUP(TRIM(D56), Settings!$F$4:$F$101, Settings!$H$4:$H$101, 0), _xlpm.life, _xlfn.XLOOKUP(TRIM(D56), Settings!$F$4:$F$101, Settings!$I$4:$I$101, 1), _xlpm.pct, _xlfn.XLOOKUP(TRIM(D56), Settings!$F$4:$F$101, Settings!$J$4:$J$101, 0), _xlpm.qty * _xlpm.hours * (_xlpm.price / _xlpm.life * _xlpm.pct) ) -> 2000 | Q56: =Jobs[[#This Row],[Post Pro/h]]*Settings!$D$18 -> 0 | R56: =(Jobs[[#This Row],[power/t]]+Jobs[[#This Row],[Matrial/t]]+Jobs[[#This Row],[downturn/t]]+Jobs[[#This Row],[Maintenance/t]]+Jobs[[#This Row],[Coloring/t]]+Jobs[[#This Row],[Extras]])*Settings!$D$12 -> 61817.952 | S56: =Jobs[[#This Row],[Matrial/t]] + Jobs[[#This Row],[power/t]] + Jobs[[#This Row],[downturn/t]] + Jobs[[#This Row],[Maintenance/t]] + Jobs[[#This Row],[Coloring/t]] + Jobs[[#This Row],[overhead/t]] + Jobs[[#This Row],[Extras]] -> 267877.79 | T56: =S56*(1+Settings!$D$5) -> 803633.38 | U56: =Jobs[[#This Row],[Sugested Price/t]] - Jobs[[#This Row],[base price/t]] -> 535755.58 | V56: =IFERROR(Jobs[[#This Row],[Gross margin/t]] / Jobs[[#This Row],[base price/t]], 0) -> 2
A57: KE008 | B57: کالکشن کلیکر خوراکی | C57: 1 | D57: Anycubic Kobra S1- barbod | E57: PLA | F57: Black | G57: 27 | J57: 0.0625 | M57: =_xlfn.LET( _xlpm.qty, C57, _xlpm.weight_g, G57 + H57 + Jobs[[#This Row],[Flushed/g]], _xlpm.material, TRIM(E57), _xlpm.price_per_kg, _xlfn.XLOOKUP(_xlpm.material, MaterialsTbl[Material], MaterialsTbl[Price_per_kg], 0), _xlpm.waste_pct, _xlfn.XLOOKUP(_xlpm.material, MaterialsTbl[Material], MaterialsTbl[Waste_pct], 0), _xlpm.qty * (_xlpm.weight_g / 1000) * _xlpm.price_per_kg * (1 + _xlpm.waste_pct) ) -> 73710 | N57: =_xlfn.LET( _xlpm.qty, C57, _xlpm.hours, J57*24, _xlpm.power_w, _xlfn.XLOOKUP(TRIM(D57), Settings!$F$4:$F$101, Settings!$G$4:$G$101, 120), _xlpm.rate, Settings!$D$4, _xlpm.qty * _xlpm.hours * (_xlpm.power_w / 1000) * _xlpm.rate ) -> 146.16 | O57: =_xlfn.LET( _xlpm.qty, C57, _xlpm.hours, J57*24, _xlpm.price, _xlfn.XLOOKUP(TRIM(D57), Settings!$F$4:$F$101, Settings!$H$4:$H$101, 0), _xlpm.life, _xlfn.XLOOKUP(TRIM(D57), Settings!$F$4:$F$101, Settings!$I$4:$I$101, 1), _xlpm.qty * _xlpm.hours * (_xlpm.price / _xlpm.life) ) -> 22500 | P57: =_xlfn.LET( _xlpm.qty, C57, _xlpm.hours, J57*24, _xlpm.price, _xlfn.XLOOKUP(TRIM(D57), Settings!$F$4:$F$101, Settings!$H$4:$H$101, 0), _xlpm.life, _xlfn.XLOOKUP(TRIM(D57), Settings!$F$4:$F$101, Settings!$I$4:$I$101, 1), _xlpm.pct, _xlfn.XLOOKUP(TRIM(D57), Settings!$F$4:$F$101, Settings!$J$4:$J$101, 0), _xlpm.qty * _xlpm.hours * (_xlpm.price / _xlpm.life * _xlpm.pct) ) -> 1125 | Q57: =Jobs[[#This Row],[Post Pro/h]]*Settings!$D$18 -> 0 | R57: =(Jobs[[#This Row],[power/t]]+Jobs[[#This Row],[Matrial/t]]+Jobs[[#This Row],[downturn/t]]+Jobs[[#This Row],[Maintenance/t]]+Jobs[[#This Row],[Coloring/t]]+Jobs[[#This Row],[Extras]])*Settings!$D$12 -> 29244.348 | S57: =Jobs[[#This Row],[Matrial/t]] + Jobs[[#This Row],[power/t]] + Jobs[[#This Row],[downturn/t]] + Jobs[[#This Row],[Maintenance/t]] + Jobs[[#This Row],[Coloring/t]] + Jobs[[#This Row],[overhead/t]] + Jobs[[#This Row],[Extras]] -> 126725.51 | T57: =S57*(1+Settings!$D$5) -> 380176.52 | U57: =Jobs[[#This Row],[Sugested Price/t]] - Jobs[[#This Row],[base price/t]] -> 253451.02 | V57: =IFERROR(Jobs[[#This Row],[Gross margin/t]] / Jobs[[#This Row],[base price/t]], 0) -> 2
A58: KE009 | B58: کلیکر پنجه گربه | C58: 1 | D58: Anycubic Kobra S1- barbod | E58: PLA | F58: Black | G58: 27 | J58: 0.045138889 | M58: =_xlfn.LET( _xlpm.qty, C58, _xlpm.weight_g, G58 + H58 + Jobs[[#This Row],[Flushed/g]], _xlpm.material, TRIM(E58), _xlpm.price_per_kg, _xlfn.XLOOKUP(_xlpm.material, MaterialsTbl[Material], MaterialsTbl[Price_per_kg], 0), _xlpm.waste_pct, _xlfn.XLOOKUP(_xlpm.material, MaterialsTbl[Material], MaterialsTbl[Waste_pct], 0), _xlpm.qty * (_xlpm.weight_g / 1000) * _xlpm.price_per_kg * (1 + _xlpm.waste_pct) ) -> 73710 | N58: =_xlfn.LET( _xlpm.qty, C58, _xlpm.hours, J58*24, _xlpm.power_w, _xlfn.XLOOKUP(TRIM(D58), Settings!$F$4:$F$101, Settings!$G$4:$G$101, 120), _xlpm.rate, Settings!$D$4, _xlpm.qty * _xlpm.hours * (_xlpm.power_w / 1000) * _xlpm.rate ) -> 105.56 | O58: =_xlfn.LET( _xlpm.qty, C58, _xlpm.hours, J58*24, _xlpm.price, _xlfn.XLOOKUP(TRIM(D58), Settings!$F$4:$F$101, Settings!$H$4:$H$101, 0), _xlpm.life, _xlfn.XLOOKUP(TRIM(D58), Settings!$F$4:$F$101, Settings!$I$4:$I$101, 1), _xlpm.qty * _xlpm.hours * (_xlpm.price / _xlpm.life) ) -> 16250 | P58: =_xlfn.LET( _xlpm.qty, C58, _xlpm.hours, J58*24, _xlpm.price, _xlfn.XLOOKUP(TRIM(D58), Settings!$F$4:$F$101, Settings!$H$4:$H$101, 0), _xlpm.life, _xlfn.XLOOKUP(TRIM(D58), Settings!$F$4:$F$101, Settings!$I$4:$I$101, 1), _xlpm.pct, _xlfn.XLOOKUP(TRIM(D58), Settings!$F$4:$F$101, Settings!$J$4:$J$101, 0), _xlpm.qty * _xlpm.hours * (_xlpm.price / _xlpm.life * _xlpm.pct) ) -> 812.5 | Q58: =Jobs[[#This Row],[Post Pro/h]]*Settings!$D$18 -> 0 | R58: =(Jobs[[#This Row],[power/t]]+Jobs[[#This Row],[Matrial/t]]+Jobs[[#This Row],[downturn/t]]+Jobs[[#This Row],[Maintenance/t]]+Jobs[[#This Row],[Coloring/t]]+Jobs[[#This Row],[Extras]])*Settings!$D$12 -> 27263.418 | S58: =Jobs[[#This Row],[Matrial/t]] + Jobs[[#This Row],[power/t]] + Jobs[[#This Row],[downturn/t]] + Jobs[[#This Row],[Maintenance/t]] + Jobs[[#This Row],[Coloring/t]] + Jobs[[#This Row],[overhead/t]] + Jobs[[#This Row],[Extras]] -> 118141.48 | T58: =S58*(1+Settings!$D$5) -> 354424.43 | U58: =Jobs[[#This Row],[Sugested Price/t]] - Jobs[[#This Row],[base price/t]] -> 236282.96 | V58: =IFERROR(Jobs[[#This Row],[Gross margin/t]] / Jobs[[#This Row],[base price/t]], 0) -> 2
A59: KE010 | B59: سگ بادکنکی | C59: 1 | D59: Anycubic Kobra S1- barbod | E59: PLA | F59: Black | G59: 3 | J59: 0.017361111 | M59: =_xlfn.LET( _xlpm.qty, C59, _xlpm.weight_g, G59 + H59 + Jobs[[#This Row],[Flushed/g]], _xlpm.material, TRIM(E59), _xlpm.price_per_kg, _xlfn.XLOOKUP(_xlpm.material, MaterialsTbl[Material], MaterialsTbl[Price_per_kg], 0), _xlpm.waste_pct, _xlfn.XLOOKUP(_xlpm.material, MaterialsTbl[Material], MaterialsTbl[Waste_pct], 0), _xlpm.qty * (_xlpm.weight_g / 1000) * _xlpm.price_per_kg * (1 + _xlpm.waste_pct) ) -> 8190 | N59: =_xlfn.LET( _xlpm.qty, C59, _xlpm.hours, J59*24, _xlpm.power_w, _xlfn.XLOOKUP(TRIM(D59), Settings!$F$4:$F$101, Settings!$G$4:$G$101, 120), _xlpm.rate, Settings!$D$4, _xlpm.qty * _xlpm.hours * (_xlpm.power_w / 1000) * _xlpm.rate ) -> 40.6 | O59: =_xlfn.LET( _xlpm.qty, C59, _xlpm.hours, J59*24, _xlpm.price, _xlfn.XLOOKUP(TRIM(D59), Settings!$F$4:$F$101, Settings!$H$4:$H$101, 0), _xlpm.life, _xlfn.XLOOKUP(TRIM(D59), Settings!$F$4:$F$101, Settings!$I$4:$I$101, 1), _xlpm.qty * _xlpm.hours * (_xlpm.price / _xlpm.life) ) -> 6250 | P59: =_xlfn.LET( _xlpm.qty, C59, _xlpm.hours, J59*24, _xlpm.price, _xlfn.XLOOKUP(TRIM(D59), Settings!$F$4:$F$101, Settings!$H$4:$H$101, 0), _xlpm.life, _xlfn.XLOOKUP(TRIM(D59), Settings!$F$4:$F$101, Settings!$I$4:$I$101, 1), _xlpm.pct, _xlfn.XLOOKUP(TRIM(D59), Settings!$F$4:$F$101, Settings!$J$4:$J$101, 0), _xlpm.qty * _xlpm.hours * (_xlpm.price / _xlpm.life * _xlpm.pct) ) -> 312.5 | Q59: =Jobs[[#This Row],[Post Pro/h]]*Settings!$D$18 -> 0 | R59: =(Jobs[[#This Row],[power/t]]+Jobs[[#This Row],[Matrial/t]]+Jobs[[#This Row],[downturn/t]]+Jobs[[#This Row],[Maintenance/t]]+Jobs[[#This Row],[Coloring/t]]+Jobs[[#This Row],[Extras]])*Settings!$D$12 -> 4437.93 | S59: =Jobs[[#This Row],[Matrial/t]] + Jobs[[#This Row],[power/t]] + Jobs[[#This Row],[downturn/t]] + Jobs[[#This Row],[Maintenance/t]] + Jobs[[#This Row],[Coloring/t]] + Jobs[[#This Row],[overhead/t]] + Jobs[[#This Row],[Extras]] -> 19231.03 | T59: =S59*(1+Settings!$D$5) -> 57693.09 | U59: =Jobs[[#This Row],[Sugested Price/t]] - Jobs[[#This Row],[base price/t]] -> 38462.06 | V59: =IFERROR(Jobs[[#This Row],[Gross margin/t]] / Jobs[[#This Row],[base price/t]], 0) -> 2
A60: KE011 | B60: پودل مینیاتوری | C60: 1 | D60: Anycubic Kobra S1- barbod | E60: PLA | F60: Black | G60: 15 | J60: 0.038194444 | M60: =_xlfn.LET( _xlpm.qty, C60, _xlpm.weight_g, G60 + H60 + Jobs[[#This Row],[Flushed/g]], _xlpm.material, TRIM(E60), _xlpm.price_per_kg, _xlfn.XLOOKUP(_xlpm.material, MaterialsTbl[Material], MaterialsTbl[Price_per_kg], 0), _xlpm.waste_pct, _xlfn.XLOOKUP(_xlpm.material, MaterialsTbl[Material], MaterialsTbl[Waste_pct], 0), _xlpm.qty * (_xlpm.weight_g / 1000) * _xlpm.price_per_kg * (1 + _xlpm.waste_pct) ) -> 40950 | N60: =_xlfn.LET( _xlpm.qty, C60, _xlpm.hours, J60*24, _xlpm.power_w, _xlfn.XLOOKUP(TRIM(D60), Settings!$F$4:$F$101, Settings!$G$4:$G$101, 120), _xlpm.rate, Settings!$D$4, _xlpm.qty * _xlpm.hours * (_xlpm.power_w / 1000) * _xlpm.rate ) -> 89.32 | O60: =_xlfn.LET( _xlpm.qty, C60, _xlpm.hours, J60*24, _xlpm.price, _xlfn.XLOOKUP(TRIM(D60), Settings!$F$4:$F$101, Settings!$H$4:$H$101, 0), _xlpm.life, _xlfn.XLOOKUP(TRIM(D60), Settings!$F$4:$F$101, Settings!$I$4:$I$101, 1), _xlpm.qty * _xlpm.hours * (_xlpm.price / _xlpm.life) ) -> 13750 | P60: =_xlfn.LET( _xlpm.qty, C60, _xlpm.hours, J60*24, _xlpm.price, _xlfn.XLOOKUP(TRIM(D60), Settings!$F$4:$F$101, Settings!$H$4:$H$101, 0), _xlpm.life, _xlfn.XLOOKUP(TRIM(D60), Settings!$F$4:$F$101, Settings!$I$4:$I$101, 1), _xlpm.pct, _xlfn.XLOOKUP(TRIM(D60), Settings!$F$4:$F$101, Settings!$J$4:$J$101, 0), _xlpm.qty * _xlpm.hours * (_xlpm.price / _xlpm.life * _xlpm.pct) ) -> 687.5 | Q60: =Jobs[[#This Row],[Post Pro/h]]*Settings!$D$18 -> 0 | R60: =(Jobs[[#This Row],[power/t]]+Jobs[[#This Row],[Matrial/t]]+Jobs[[#This Row],[downturn/t]]+Jobs[[#This Row],[Maintenance/t]]+Jobs[[#This Row],[Coloring/t]]+Jobs[[#This Row],[Extras]])*Settings!$D$12 -> 16643.046 | S60: =Jobs[[#This Row],[Matrial/t]] + Jobs[[#This Row],[power/t]] + Jobs[[#This Row],[downturn/t]] + Jobs[[#This Row],[Maintenance/t]] + Jobs[[#This Row],[Coloring/t]] + Jobs[[#This Row],[overhead/t]] + Jobs[[#This Row],[Extras]] -> 72119.866 | T60: =S60*(1+Settings!$D$5) -> 216359.6 | U60: =Jobs[[#This Row],[Sugested Price/t]] - Jobs[[#This Row],[base price/t]] -> 144239.73 | V60: =IFERROR(Jobs[[#This Row],[Gross margin/t]] / Jobs[[#This Row],[base price/t]], 0) -> 2
A61: KE012 | B61: کالکشن ریختنی | C61: 1 | D61: Anycubic Kobra S1- barbod | E61: PLA | F61: Black | G61: 75 | J61: 0.15625 | M61: =_xlfn.LET( _xlpm.qty, C61, _xlpm.weight_g, G61 + H61 + Jobs[[#This Row],[Flushed/g]], _xlpm.material, TRIM(E61), _xlpm.price_per_kg, _xlfn.XLOOKUP(_xlpm.material, MaterialsTbl[Material], MaterialsTbl[Price_per_kg], 0), _xlpm.waste_pct, _xlfn.XLOOKUP(_xlpm.material, MaterialsTbl[Material], MaterialsTbl[Waste_pct], 0), _xlpm.qty * (_xlpm.weight_g / 1000) * _xlpm.price_per_kg * (1 + _xlpm.waste_pct) ) -> 204750 | N61: =_xlfn.LET( _xlpm.qty, C61, _xlpm.hours, J61*24, _xlpm.power_w, _xlfn.XLOOKUP(TRIM(D61), Settings!$F$4:$F$101, Settings!$G$4:$G$101, 120), _xlpm.rate, Settings!$D$4, _xlpm.qty * _xlpm.hours * (_xlpm.power_w / 1000) * _xlpm.rate ) -> 365.4 | O61: =_xlfn.LET( _xlpm.qty, C61, _xlpm.hours, J61*24, _xlpm.price, _xlfn.XLOOKUP(TRIM(D61), Settings!$F$4:$F$101, Settings!$H$4:$H$101, 0), _xlpm.life, _xlfn.XLOOKUP(TRIM(D61), Settings!$F$4:$F$101, Settings!$I$4:$I$101, 1), _xlpm.qty * _xlpm.hours * (_xlpm.price / _xlpm.life) ) -> 56250 | P61: =_xlfn.LET( _xlpm.qty, C61, _xlpm.hours, J61*24, _xlpm.price, _xlfn.XLOOKUP(TRIM(D61), Settings!$F$4:$F$101, Settings!$H$4:$H$101, 0), _xlpm.life, _xlfn.XLOOKUP(TRIM(D61), Settings!$F$4:$F$101, Settings!$I$4:$I$101, 1), _xlpm.pct, _xlfn.XLOOKUP(TRIM(D61), Settings!$F$4:$F$101, Settings!$J$4:$J$101, 0), _xlpm.qty * _xlpm.hours * (_xlpm.price / _xlpm.life * _xlpm.pct) ) -> 2812.5 | Q61: =Jobs[[#This Row],[Post Pro/h]]*Settings!$D$18 -> 0 | R61: =(Jobs[[#This Row],[power/t]]+Jobs[[#This Row],[Matrial/t]]+Jobs[[#This Row],[downturn/t]]+Jobs[[#This Row],[Maintenance/t]]+Jobs[[#This Row],[Coloring/t]]+Jobs[[#This Row],[Extras]])*Settings!$D$12 -> 79253.37 | S61: =Jobs[[#This Row],[Matrial/t]] + Jobs[[#This Row],[power/t]] + Jobs[[#This Row],[downturn/t]] + Jobs[[#This Row],[Maintenance/t]] + Jobs[[#This Row],[Coloring/t]] + Jobs[[#This Row],[overhead/t]] + Jobs[[#This Row],[Extras]] -> 343431.27 | T61: =S61*(1+Settings!$D$5) -> 1030293.8 | U61: =Jobs[[#This Row],[Sugested Price/t]] - Jobs[[#This Row],[base price/t]] -> 686862.54 | V61: =IFERROR(Jobs[[#This Row],[Gross margin/t]] / Jobs[[#This Row],[base price/t]], 0) -> 2
A62: KE013 | B62: کالکشن دیم سام | C62: 1 | D62: Anycubic Kobra S1- barbod | E62: PLA | F62: Black | G62: 10 | J62: 0.020833333 | M62: =_xlfn.LET( _xlpm.qty, C62, _xlpm.weight_g, G62 + H62 + Jobs[[#This Row],[Flushed/g]], _xlpm.material, TRIM(E62), _xlpm.price_per_kg, _xlfn.XLOOKUP(_xlpm.material, MaterialsTbl[Material], MaterialsTbl[Price_per_kg], 0), _xlpm.waste_pct, _xlfn.XLOOKUP(_xlpm.material, MaterialsTbl[Material], MaterialsTbl[Waste_pct], 0), _xlpm.qty * (_xlpm.weight_g / 1000) * _xlpm.price_per_kg * (1 + _xlpm.waste_pct) ) -> 27300 | N62: =_xlfn.LET( _xlpm.qty, C62, _xlpm.hours, J62*24, _xlpm.power_w, _xlfn.XLOOKUP(TRIM(D62), Settings!$F$4:$F$101, Settings!$G$4:$G$101, 120), _xlpm.rate, Settings!$D$4, _xlpm.qty * _xlpm.hours * (_xlpm.power_w / 1000) * _xlpm.rate ) -> 48.72 | O62: =_xlfn.LET( _xlpm.qty, C62, _xlpm.hours, J62*24, _xlpm.price, _xlfn.XLOOKUP(TRIM(D62), Settings!$F$4:$F$101, Settings!$H$4:$H$101, 0), _xlpm.life, _xlfn.XLOOKUP(TRIM(D62), Settings!$F$4:$F$101, Settings!$I$4:$I$101, 1), _xlpm.qty * _xlpm.hours * (_xlpm.price / _xlpm.life) ) -> 7500 | P62: =_xlfn.LET( _xlpm.qty, C62, _xlpm.hours, J62*24, _xlpm.price, _xlfn.XLOOKUP(TRIM(D62), Settings!$F$4:$F$101, Settings!$H$4:$H$101, 0), _xlpm.life, _xlfn.XLOOKUP(TRIM(D62), Settings!$F$4:$F$101, Settings!$I$4:$I$101, 1), _xlpm.pct, _xlfn.XLOOKUP(TRIM(D62), Settings!$F$4:$F$101, Settings!$J$4:$J$101, 0), _xlpm.qty * _xlpm.hours * (_xlpm.price / _xlpm.life * _xlpm.pct) ) -> 375 | Q62: =Jobs[[#This Row],[Post Pro/h]]*Settings!$D$18 -> 0 | R62: =(Jobs[[#This Row],[power/t]]+Jobs[[#This Row],[Matrial/t]]+Jobs[[#This Row],[downturn/t]]+Jobs[[#This Row],[Maintenance/t]]+Jobs[[#This Row],[Coloring/t]]+Jobs[[#This Row],[Extras]])*Settings!$D$12 -> 10567.116 | S62: =Jobs[[#This Row],[Matrial/t]] + Jobs[[#This Row],[power/t]] + Jobs[[#This Row],[downturn/t]] + Jobs[[#This Row],[Maintenance/t]] + Jobs[[#This Row],[Coloring/t]] + Jobs[[#This Row],[overhead/t]] + Jobs[[#This Row],[Extras]] -> 45790.836 | T62: =S62*(1+Settings!$D$5) -> 137372.51 | U62: =Jobs[[#This Row],[Sugested Price/t]] - Jobs[[#This Row],[base price/t]] -> 91581.672 | V62: =IFERROR(Jobs[[#This Row],[Gross margin/t]] / Jobs[[#This Row],[base price/t]], 0) -> 2
A63: KE014 | B63: کالکشن بچه فلکسی ها | C63: 1 | D63: Anycubic Kobra S1- barbod | E63: PLA | F63: Black | G63: 10 | J63: 0.052083333 | M63: =_xlfn.LET( _xlpm.qty, C63, _xlpm.weight_g, G63 + H63 + Jobs[[#This Row],[Flushed/g]], _xlpm.material, TRIM(E63), _xlpm.price_per_kg, _xlfn.XLOOKUP(_xlpm.material, MaterialsTbl[Material], MaterialsTbl[Price_per_kg], 0), _xlpm.waste_pct, _xlfn.XLOOKUP(_xlpm.material, MaterialsTbl[Material], MaterialsTbl[Waste_pct], 0), _xlpm.qty * (_xlpm.weight_g / 1000) * _xlpm.price_per_kg * (1 + _xlpm.waste_pct) ) -> 27300 | N63: =_xlfn.LET( _xlpm.qty, C63, _xlpm.hours, J63*24, _xlpm.power_w, _xlfn.XLOOKUP(TRIM(D63), Settings!$F$4:$F$101, Settings!$G$4:$G$101, 120), _xlpm.rate, Settings!$D$4, _xlpm.qty * _xlpm.hours * (_xlpm.power_w / 1000) * _xlpm.rate ) -> 121.8 | O63: =_xlfn.LET( _xlpm.qty, C63, _xlpm.hours, J63*24, _xlpm.price, _xlfn.XLOOKUP(TRIM(D63), Settings!$F$4:$F$101, Settings!$H$4:$H$101, 0), _xlpm.life, _xlfn.XLOOKUP(TRIM(D63), Settings!$F$4:$F$101, Settings!$I$4:$I$101, 1), _xlpm.qty * _xlpm.hours * (_xlpm.price / _xlpm.life) ) -> 18750 | P63: =_xlfn.LET( _xlpm.qty, C63, _xlpm.hours, J63*24, _xlpm.price, _xlfn.XLOOKUP(TRIM(D63), Settings!$F$4:$F$101, Settings!$H$4:$H$101, 0), _xlpm.life, _xlfn.XLOOKUP(TRIM(D63), Settings!$F$4:$F$101, Settings!$I$4:$I$101, 1), _xlpm.pct, _xlfn.XLOOKUP(TRIM(D63), Settings!$F$4:$F$101, Settings!$J$4:$J$101, 0), _xlpm.qty * _xlpm.hours * (_xlpm.price / _xlpm.life * _xlpm.pct) ) -> 937.5 | Q63: =Jobs[[#This Row],[Post Pro/h]]*Settings!$D$18 -> 0 | R63: =(Jobs[[#This Row],[power/t]]+Jobs[[#This Row],[Matrial/t]]+Jobs[[#This Row],[downturn/t]]+Jobs[[#This Row],[Maintenance/t]]+Jobs[[#This Row],[Coloring/t]]+Jobs[[#This Row],[Extras]])*Settings!$D$12 -> 14132.79 | S63: =Jobs[[#This Row],[Matrial/t]] + Jobs[[#This Row],[power/t]] + Jobs[[#This Row],[downturn/t]] + Jobs[[#This Row],[Maintenance/t]] + Jobs[[#This Row],[Coloring/t]] + Jobs[[#This Row],[overhead/t]] + Jobs[[#This Row],[Extras]] -> 61242.09 | T63: =S63*(1+Settings!$D$5) -> 183726.27 | U63: =Jobs[[#This Row],[Sugested Price/t]] - Jobs[[#This Row],[base price/t]] -> 122484.18 | V63: =IFERROR(Jobs[[#This Row],[Gross margin/t]] / Jobs[[#This Row],[base price/t]], 0) -> 2
... A68: CO005 | B68: سنگ باستانی | C68: 1 | D68: Anycubic Kobra S1- barbod | E68: PLA | F68: Black | G68: 31 | J68: 0.049305556 | M68: =_xlfn.LET( _xlpm.qty, C68, _xlpm.weight_g, G68 + H68 + Jobs[[#This Row],[Flushed/g]], _xlpm.material, TRIM(E68), _xlpm.price_per_kg, _xlfn.XLOOKUP(_xlpm.material, MaterialsTbl[Material], MaterialsTbl[Price_per_kg], 0), _xlpm.waste_pct, _xlfn.XLOOKUP(_xlpm.material, MaterialsTbl[Material], MaterialsTbl[Waste_pct], 0), _xlpm.qty * (_xlpm.weight_g / 1000) * _xlpm.price_per_kg * (1 + _xlpm.waste_pct) ) -> 84630 | N68: =_xlfn.LET( _xlpm.qty, C68, _xlpm.hours, J68*24, _xlpm.power_w, _xlfn.XLOOKUP(TRIM(D68), Settings!$F$4:$F$101, Settings!$G$4:$G$101, 120), _xlpm.rate, Settings!$D$4, _xlpm.qty * _xlpm.hours * (_xlpm.power_w / 1000) * _xlpm.rate ) -> 115.304 | O68: =_xlfn.LET( _xlpm.qty, C68, _xlpm.hours, J68*24, _xlpm.price, _xlfn.XLOOKUP(TRIM(D68), Settings!$F$4:$F$101, Settings!$H$4:$H$101, 0), _xlpm.life, _xlfn.XLOOKUP(TRIM(D68), Settings!$F$4:$F$101, Settings!$I$4:$I$101, 1), _xlpm.qty * _xlpm.hours * (_xlpm.price / _xlpm.life) ) -> 17750 | P68: =_xlfn.LET( _xlpm.qty, C68, _xlpm.hours, J68*24, _xlpm.price, _xlfn.XLOOKUP(TRIM(D68), Settings!$F$4:$F$101, Settings!$H$4:$H$101, 0), _xlpm.life, _xlfn.XLOOKUP(TRIM(D68), Settings!$F$4:$F$101, Settings!$I$4:$I$101, 1), _xlpm.pct, _xlfn.XLOOKUP(TRIM(D68), Settings!$F$4:$F$101, Settings!$J$4:$J$101, 0), _xlpm.qty * _xlpm.hours * (_xlpm.price / _xlpm.life * _xlpm.pct) ) -> 887.5 | Q68: =Jobs[[#This Row],[Post Pro/h]]*Settings!$D$18 -> 0 | R68: =(Jobs[[#This Row],[power/t]]+Jobs[[#This Row],[Matrial/t]]+Jobs[[#This Row],[downturn/t]]+Jobs[[#This Row],[Maintenance/t]]+Jobs[[#This Row],[Coloring/t]]+Jobs[[#This Row],[Extras]])*Settings!$D$12 -> 31014.841 | S68: =Jobs[[#This Row],[Matrial/t]] + Jobs[[#This Row],[power/t]] + Jobs[[#This Row],[downturn/t]] + Jobs[[#This Row],[Maintenance/t]] + Jobs[[#This Row],[Coloring/t]] + Jobs[[#This Row],[overhead/t]] + Jobs[[#This Row],[Extras]] -> 134397.65 | T68: =S68*(1+Settings!$D$5) -> 403192.94 | U68: =Jobs[[#This Row],[Sugested Price/t]] - Jobs[[#This Row],[base price/t]] -> 268795.29 | V68: =IFERROR(Jobs[[#This Row],[Gross margin/t]] / Jobs[[#This Row],[base price/t]], 0) -> 2
A69: CO006 | B69: پترن | C69: 1 | D69: Anycubic Kobra S1- barbod | E69: PLA | F69: Black | G69: =23+55 -> 78 | J69: 0.083333333 | M69: =_xlfn.LET( _xlpm.qty, C69, _xlpm.weight_g, G69 + H69 + Jobs[[#This Row],[Flushed/g]], _xlpm.material, TRIM(E69), _xlpm.price_per_kg, _xlfn.XLOOKUP(_xlpm.material, MaterialsTbl[Material], MaterialsTbl[Price_per_kg], 0), _xlpm.waste_pct, _xlfn.XLOOKUP(_xlpm.material, MaterialsTbl[Material], MaterialsTbl[Waste_pct], 0), _xlpm.qty * (_xlpm.weight_g / 1000) * _xlpm.price_per_kg * (1 + _xlpm.waste_pct) ) -> 212940 | N69: =_xlfn.LET( _xlpm.qty, C69, _xlpm.hours, J69*24, _xlpm.power_w, _xlfn.XLOOKUP(TRIM(D69), Settings!$F$4:$F$101, Settings!$G$4:$G$101, 120), _xlpm.rate, Settings!$D$4, _xlpm.qty * _xlpm.hours * (_xlpm.power_w / 1000) * _xlpm.rate ) -> 194.88 | O69: =_xlfn.LET( _xlpm.qty, C69, _xlpm.hours, J69*24, _xlpm.price, _xlfn.XLOOKUP(TRIM(D69), Settings!$F$4:$F$101, Settings!$H$4:$H$101, 0), _xlpm.life, _xlfn.XLOOKUP(TRIM(D69), Settings!$F$4:$F$101, Settings!$I$4:$I$101, 1), _xlpm.qty * _xlpm.hours * (_xlpm.price / _xlpm.life) ) -> 30000 | P69: =_xlfn.LET( _xlpm.qty, C69, _xlpm.hours, J69*24, _xlpm.price, _xlfn.XLOOKUP(TRIM(D69), Settings!$F$4:$F$101, Settings!$H$4:$H$101, 0), _xlpm.life, _xlfn.XLOOKUP(TRIM(D69), Settings!$F$4:$F$101, Settings!$I$4:$I$101, 1), _xlpm.pct, _xlfn.XLOOKUP(TRIM(D69), Settings!$F$4:$F$101, Settings!$J$4:$J$101, 0), _xlpm.qty * _xlpm.hours * (_xlpm.price / _xlpm.life * _xlpm.pct) ) -> 1500 | Q69: =Jobs[[#This Row],[Post Pro/h]]*Settings!$D$18 -> 0 | R69: =(Jobs[[#This Row],[power/t]]+Jobs[[#This Row],[Matrial/t]]+Jobs[[#This Row],[downturn/t]]+Jobs[[#This Row],[Maintenance/t]]+Jobs[[#This Row],[Coloring/t]]+Jobs[[#This Row],[Extras]])*Settings!$D$12 -> 73390.464 | S69: =Jobs[[#This Row],[Matrial/t]] + Jobs[[#This Row],[power/t]] + Jobs[[#This Row],[downturn/t]] + Jobs[[#This Row],[Maintenance/t]] + Jobs[[#This Row],[Coloring/t]] + Jobs[[#This Row],[overhead/t]] + Jobs[[#This Row],[Extras]] -> 318025.34 | T69: =S69*(1+Settings!$D$5) -> 954076.03 | U69: =Jobs[[#This Row],[Sugested Price/t]] - Jobs[[#This Row],[base price/t]] -> 636050.69 | V69: =IFERROR(Jobs[[#This Row],[Gross margin/t]] / Jobs[[#This Row],[base price/t]], 0) -> 2
A70: CO007 | B70: وزنه | C70: 1 | D70: Anycubic Kobra S1- barbod | E70: PLA | F70: Black | G70: 314 | J70: 0.375 | M70: =_xlfn.LET( _xlpm.qty, C70, _xlpm.weight_g, G70 + H70 + Jobs[[#This Row],[Flushed/g]], _xlpm.material, TRIM(E70), _xlpm.price_per_kg, _xlfn.XLOOKUP(_xlpm.material, MaterialsTbl[Material], MaterialsTbl[Price_per_kg], 0), _xlpm.waste_pct, _xlfn.XLOOKUP(_xlpm.material, MaterialsTbl[Material], MaterialsTbl[Waste_pct], 0), _xlpm.qty * (_xlpm.weight_g / 1000) * _xlpm.price_per_kg * (1 + _xlpm.waste_pct) ) -> 857220 | N70: =_xlfn.LET( _xlpm.qty, C70, _xlpm.hours, J70*24, _xlpm.power_w, _xlfn.XLOOKUP(TRIM(D70), Settings!$F$4:$F$101, Settings!$G$4:$G$101, 120), _xlpm.rate, Settings!$D$4, _xlpm.qty * _xlpm.hours * (_xlpm.power_w / 1000) * _xlpm.rate ) -> 876.96 | O70: =_xlfn.LET( _xlpm.qty, C70, _xlpm.hours, J70*24, _xlpm.price, _xlfn.XLOOKUP(TRIM(D70), Settings!$F$4:$F$101, Settings!$H$4:$H$101, 0), _xlpm.life, _xlfn.XLOOKUP(TRIM(D70), Settings!$F$4:$F$101, Settings!$I$4:$I$101, 1), _xlpm.qty * _xlpm.hours * (_xlpm.price / _xlpm.life) ) -> 135000 | P70: =_xlfn.LET( _xlpm.qty, C70, _xlpm.hours, J70*24, _xlpm.price, _xlfn.XLOOKUP(TRIM(D70), Settings!$F$4:$F$101, Settings!$H$4:$H$101, 0), _xlpm.life, _xlfn.XLOOKUP(TRIM(D70), Settings!$F$4:$F$101, Settings!$I$4:$I$101, 1), _xlpm.pct, _xlfn.XLOOKUP(TRIM(D70), Settings!$F$4:$F$101, Settings!$J$4:$J$101, 0), _xlpm.qty * _xlpm.hours * (_xlpm.price / _xlpm.life * _xlpm.pct) ) -> 6750 | Q70: =Jobs[[#This Row],[Post Pro/h]]*Settings!$D$18 -> 0 | R70: =(Jobs[[#This Row],[power/t]]+Jobs[[#This Row],[Matrial/t]]+Jobs[[#This Row],[downturn/t]]+Jobs[[#This Row],[Maintenance/t]]+Jobs[[#This Row],[Coloring/t]]+Jobs[[#This Row],[Extras]])*Settings!$D$12 -> 299954.09 | S70: =Jobs[[#This Row],[Matrial/t]] + Jobs[[#This Row],[power/t]] + Jobs[[#This Row],[downturn/t]] + Jobs[[#This Row],[Maintenance/t]] + Jobs[[#This Row],[Coloring/t]] + Jobs[[#This Row],[overhead/t]] + Jobs[[#This Row],[Extras]] -> 1299801 | T70: =S70*(1+Settings!$D$5) -> 3899403.1 | U70: =Jobs[[#This Row],[Sugested Price/t]] - Jobs[[#This Row],[base price/t]] -> 2599602.1 | V70: =IFERROR(Jobs[[#This Row],[Gross margin/t]] / Jobs[[#This Row],[base price/t]], 0) -> 2
A71: CO008 | B71: درخت | C71: 1 | D71: Anycubic Kobra S1- barbod | E71: PLA | F71: Black | G71: 88 | J71: 0.13194444 | M71: =_xlfn.LET( _xlpm.qty, C71, _xlpm.weight_g, G71 + H71 + Jobs[[#This Row],[Flushed/g]], _xlpm.material, TRIM(E71), _xlpm.price_per_kg, _xlfn.XLOOKUP(_xlpm.material, MaterialsTbl[Material], MaterialsTbl[Price_per_kg], 0), _xlpm.waste_pct, _xlfn.XLOOKUP(_xlpm.material, MaterialsTbl[Material], MaterialsTbl[Waste_pct], 0), _xlpm.qty * (_xlpm.weight_g / 1000) * _xlpm.price_per_kg * (1 + _xlpm.waste_pct) ) -> 240240 | N71: =_xlfn.LET( _xlpm.qty, C71, _xlpm.hours, J71*24, _xlpm.power_w, _xlfn.XLOOKUP(TRIM(D71), Settings!$F$4:$F$101, Settings!$G$4:$G$101, 120), _xlpm.rate, Settings!$D$4, _xlpm.qty * _xlpm.hours * (_xlpm.power_w / 1000) * _xlpm.rate ) -> 308.56 | O71: =_xlfn.LET( _xlpm.qty, C71, _xlpm.hours, J71*24, _xlpm.price, _xlfn.XLOOKUP(TRIM(D71), Settings!$F$4:$F$101, Settings!$H$4:$H$101, 0), _xlpm.life, _xlfn.XLOOKUP(TRIM(D71), Settings!$F$4:$F$101, Settings!$I$4:$I$101, 1), _xlpm.qty * _xlpm.hours * (_xlpm.price / _xlpm.life) ) -> 47500 | P71: =_xlfn.LET( _xlpm.qty, C71, _xlpm.hours, J71*24, _xlpm.price, _xlfn.XLOOKUP(TRIM(D71), Settings!$F$4:$F$101, Settings!$H$4:$H$101, 0), _xlpm.life, _xlfn.XLOOKUP(TRIM(D71), Settings!$F$4:$F$101, Settings!$I$4:$I$101, 1), _xlpm.pct, _xlfn.XLOOKUP(TRIM(D71), Settings!$F$4:$F$101, Settings!$J$4:$J$101, 0), _xlpm.qty * _xlpm.hours * (_xlpm.price / _xlpm.life * _xlpm.pct) ) -> 2375 | Q71: =Jobs[[#This Row],[Post Pro/h]]*Settings!$D$18 -> 0 | R71: =(Jobs[[#This Row],[power/t]]+Jobs[[#This Row],[Matrial/t]]+Jobs[[#This Row],[downturn/t]]+Jobs[[#This Row],[Maintenance/t]]+Jobs[[#This Row],[Coloring/t]]+Jobs[[#This Row],[Extras]])*Settings!$D$12 -> 87127.068 | S71: =Jobs[[#This Row],[Matrial/t]] + Jobs[[#This Row],[power/t]] + Jobs[[#This Row],[downturn/t]] + Jobs[[#This Row],[Maintenance/t]] + Jobs[[#This Row],[Coloring/t]] + Jobs[[#This Row],[overhead/t]] + Jobs[[#This Row],[Extras]] -> 377550.63 | T71: =S71*(1+Settings!$D$5) -> 1132651.9 | U71: =Jobs[[#This Row],[Sugested Price/t]] - Jobs[[#This Row],[base price/t]] -> 755101.26 | V71: =IFERROR(Jobs[[#This Row],[Gross margin/t]] / Jobs[[#This Row],[base price/t]], 0) -> 2
A72: CO009 | B72: بافتنی | C72: 1 | D72: Anycubic Kobra S1- barbod | E72: PLA | F72: Black | G72: 161 | J72: 0.36805556 | M72: =_xlfn.LET( _xlpm.qty, C72, _xlpm.weight_g, G72 + H72 + Jobs[[#This Row],[Flushed/g]], _xlpm.material, TRIM(E72), _xlpm.price_per_kg, _xlfn.XLOOKUP(_xlpm.material, MaterialsTbl[Material], MaterialsTbl[Price_per_kg], 0), _xlpm.waste_pct, _xlfn.XLOOKUP(_xlpm.material, MaterialsTbl[Material], MaterialsTbl[Waste_pct], 0), _xlpm.qty * (_xlpm.weight_g / 1000) * _xlpm.price_per_kg * (1 + _xlpm.waste_pct) ) -> 439530 | N72: =_xlfn.LET( _xlpm.qty, C72, _xlpm.hours, J72*24, _xlpm.power_w, _xlfn.XLOOKUP(TRIM(D72), Settings!$F$4:$F$101, Settings!$G$4:$G$101, 120), _xlpm.rate, Settings!$D$4, _xlpm.qty * _xlpm.hours * (_xlpm.power_w / 1000) * _xlpm.rate ) -> 860.72 | O72: =_xlfn.LET( _xlpm.qty, C72, _xlpm.hours, J72*24, _xlpm.price, _xlfn.XLOOKUP(TRIM(D72), Settings!$F$4:$F$101, Settings!$H$4:$H$101, 0), _xlpm.life, _xlfn.XLOOKUP(TRIM(D72), Settings!$F$4:$F$101, Settings!$I$4:$I$101, 1), _xlpm.qty * _xlpm.hours * (_xlpm.price / _xlpm.life) ) -> 132500 | P72: =_xlfn.LET( _xlpm.qty, C72, _xlpm.hours, J72*24, _xlpm.price, _xlfn.XLOOKUP(TRIM(D72), Settings!$F$4:$F$101, Settings!$H$4:$H$101, 0), _xlpm.life, _xlfn.XLOOKUP(TRIM(D72), Settings!$F$4:$F$101, Settings!$I$4:$I$101, 1), _xlpm.pct, _xlfn.XLOOKUP(TRIM(D72), Settings!$F$4:$F$101, Settings!$J$4:$J$101, 0), _xlpm.qty * _xlpm.hours * (_xlpm.price / _xlpm.life * _xlpm.pct) ) -> 6625 | Q72: =Jobs[[#This Row],[Post Pro/h]]*Settings!$D$18 -> 0 | R72: =(Jobs[[#This Row],[power/t]]+Jobs[[#This Row],[Matrial/t]]+Jobs[[#This Row],[downturn/t]]+Jobs[[#This Row],[Maintenance/t]]+Jobs[[#This Row],[Coloring/t]]+Jobs[[#This Row],[Extras]])*Settings!$D$12 -> 173854.72 | S72: =Jobs[[#This Row],[Matrial/t]] + Jobs[[#This Row],[power/t]] + Jobs[[#This Row],[downturn/t]] + Jobs[[#This Row],[Maintenance/t]] + Jobs[[#This Row],[Coloring/t]] + Jobs[[#This Row],[overhead/t]] + Jobs[[#This Row],[Extras]] -> 753370.44 | T72: =S72*(1+Settings!$D$5) -> 2260111.3 | U72: =Jobs[[#This Row],[Sugested Price/t]] - Jobs[[#This Row],[base price/t]] -> 1506740.9 | V72: =IFERROR(Jobs[[#This Row],[Gross margin/t]] / Jobs[[#This Row],[base price/t]], 0) -> 2
A73: CO010 | B73: پترن 2 | C73: 1 | D73: Anycubic Kobra S1- barbod | E73: PLA | F73: Black | G73: 29 | J73: 0.034027778 | M73: =_xlfn.LET( _xlpm.qty, C73, _xlpm.weight_g, G73 + H73 + Jobs[[#This Row],[Flushed/g]], _xlpm.material, TRIM(E73), _xlpm.price_per_kg, _xlfn.XLOOKUP(_xlpm.material, MaterialsTbl[Material], MaterialsTbl[Price_per_kg], 0), _xlpm.waste_pct, _xlfn.XLOOKUP(_xlpm.material, MaterialsTbl[Material], MaterialsTbl[Waste_pct], 0), _xlpm.qty * (_xlpm.weight_g / 1000) * _xlpm.price_per_kg * (1 + _xlpm.waste_pct) ) -> 79170 | N73: =_xlfn.LET( _xlpm.qty, C73, _xlpm.hours, J73*24, _xlpm.power_w, _xlfn.XLOOKUP(TRIM(D73), Settings!$F$4:$F$101, Settings!$G$4:$G$101, 120), _xlpm.rate, Settings!$D$4, _xlpm.qty * _xlpm.hours * (_xlpm.power_w / 1000) * _xlpm.rate ) -> 79.576 | O73: =_xlfn.LET( _xlpm.qty, C73, _xlpm.hours, J73*24, _xlpm.price, _xlfn.XLOOKUP(TRIM(D73), Settings!$F$4:$F$101, Settings!$H$4:$H$101, 0), _xlpm.life, _xlfn.XLOOKUP(TRIM(D73), Settings!$F$4:$F$101, Settings!$I$4:$I$101, 1), _xlpm.qty * _xlpm.hours * (_xlpm.price / _xlpm.life) ) -> 12250 | P73: =_xlfn.LET( _xlpm.qty, C73, _xlpm.hours, J73*24, _xlpm.price, _xlfn.XLOOKUP(TRIM(D73), Settings!$F$4:$F$101, Settings!$H$4:$H$101, 0), _xlpm.life, _xlfn.XLOOKUP(TRIM(D73), Settings!$F$4:$F$101, Settings!$I$4:$I$101, 1), _xlpm.pct, _xlfn.XLOOKUP(TRIM(D73), Settings!$F$4:$F$101, Settings!$J$4:$J$101, 0), _xlpm.qty * _xlpm.hours * (_xlpm.price / _xlpm.life * _xlpm.pct) ) -> 612.5 | Q73: =Jobs[[#This Row],[Post Pro/h]]*Settings!$D$18 -> 0 | R73: =(Jobs[[#This Row],[power/t]]+Jobs[[#This Row],[Matrial/t]]+Jobs[[#This Row],[downturn/t]]+Jobs[[#This Row],[Maintenance/t]]+Jobs[[#This Row],[Coloring/t]]+Jobs[[#This Row],[Extras]])*Settings!$D$12 -> 27633.623 | S73: =Jobs[[#This Row],[Matrial/t]] + Jobs[[#This Row],[power/t]] + Jobs[[#This Row],[downturn/t]] + Jobs[[#This Row],[Maintenance/t]] + Jobs[[#This Row],[Coloring/t]] + Jobs[[#This Row],[overhead/t]] + Jobs[[#This Row],[Extras]] -> 119745.7 | T73: =S73*(1+Settings!$D$5) -> 359237.1 | U73: =Jobs[[#This Row],[Sugested Price/t]] - Jobs[[#This Row],[base price/t]] -> 239491.4 | V73: =IFERROR(Jobs[[#This Row],[Gross margin/t]] / Jobs[[#This Row],[base price/t]], 0) -> 2
A74: CO011 | B74: بیسکوییت | C74: 1 | D74: Anycubic Kobra S1- barbod | E74: PLA | F74: Black | G74: 15 | J74: 0.024305556 | M74: =_xlfn.LET( _xlpm.qty, C74, _xlpm.weight_g, G74 + H74 + Jobs[[#This Row],[Flushed/g]], _xlpm.material, TRIM(E74), _xlpm.price_per_kg, _xlfn.XLOOKUP(_xlpm.material, MaterialsTbl[Material], MaterialsTbl[Price_per_kg], 0), _xlpm.waste_pct, _xlfn.XLOOKUP(_xlpm.material, MaterialsTbl[Material], MaterialsTbl[Waste_pct], 0), _xlpm.qty * (_xlpm.weight_g / 1000) * _xlpm.price_per_kg * (1 + _xlpm.waste_pct) ) -> 40950 | N74: =_xlfn.LET( _xlpm.qty, C74, _xlpm.hours, J74*24, _xlpm.power_w, _xlfn.XLOOKUP(TRIM(D74), Settings!$F$4:$F$101, Settings!$G$4:$G$101, 120), _xlpm.rate, Settings!$D$4, _xlpm.qty * _xlpm.hours * (_xlpm.power_w / 1000) * _xlpm.rate ) -> 56.84 | O74: =_xlfn.LET( _xlpm.qty, C74, _xlpm.hours, J74*24, _xlpm.price, _xlfn.XLOOKUP(TRIM(D74), Settings!$F$4:$F$101, Settings!$H$4:$H$101, 0), _xlpm.life, _xlfn.XLOOKUP(TRIM(D74), Settings!$F$4:$F$101, Settings!$I$4:$I$101, 1), _xlpm.qty * _xlpm.hours * (_xlpm.price / _xlpm.life) ) -> 8750 | P74: =_xlfn.LET( _xlpm.qty, C74, _xlpm.hours, J74*24, _xlpm.price, _xlfn.XLOOKUP(TRIM(D74), Settings!$F$4:$F$101, Settings!$H$4:$H$101, 0), _xlpm.life, _xlfn.XLOOKUP(TRIM(D74), Settings!$F$4:$F$101, Settings!$I$4:$I$101, 1), _xlpm.pct, _xlfn.XLOOKUP(TRIM(D74), Settings!$F$4:$F$101, Settings!$J$4:$J$101, 0), _xlpm.qty * _xlpm.hours * (_xlpm.price / _xlpm.life * _xlpm.pct) ) -> 437.5 | Q74: =Jobs[[#This Row],[Post Pro/h]]*Settings!$D$18 -> 0 | R74: =(Jobs[[#This Row],[power/t]]+Jobs[[#This Row],[Matrial/t]]+Jobs[[#This Row],[downturn/t]]+Jobs[[#This Row],[Maintenance/t]]+Jobs[[#This Row],[Coloring/t]]+Jobs[[#This Row],[Extras]])*Settings!$D$12 -> 15058.302 | S74: =Jobs[[#This Row],[Matrial/t]] + Jobs[[#This Row],[power/t]] + Jobs[[#This Row],[downturn/t]] + Jobs[[#This Row],[Maintenance/t]] + Jobs[[#This Row],[Coloring/t]] + Jobs[[#This Row],[overhead/t]] + Jobs[[#This Row],[Extras]] -> 65252.642 | T74: =S74*(1+Settings!$D$5) -> 195757.93 | U74: =Jobs[[#This Row],[Sugested Price/t]] - Jobs[[#This Row],[base price/t]] -> 130505.28 | V74: =IFERROR(Jobs[[#This Row],[Gross margin/t]] / Jobs[[#This Row],[base price/t]], 0) -> 2
A75: CO012 | B75: گل فلکسی | C75: 1 | D75: Anycubic Kobra S1- barbod | E75: PLA | F75: Black | G75: 18 | J75: 0.041666667 | M75: =_xlfn.LET( _xlpm.qty, C75, _xlpm.weight_g, G75 + H75 + Jobs[[#This Row],[Flushed/g]], _xlpm.material, TRIM(E75), _xlpm.price_per_kg, _xlfn.XLOOKUP(_xlpm.material, MaterialsTbl[Material], MaterialsTbl[Price_per_kg], 0), _xlpm.waste_pct, _xlfn.XLOOKUP(_xlpm.material, MaterialsTbl[Material], MaterialsTbl[Waste_pct], 0), _xlpm.qty * (_xlpm.weight_g / 1000) * _xlpm.price_per_kg * (1 + _xlpm.waste_pct) ) -> 49140 | N75: =_xlfn.LET( _xlpm.qty, C75, _xlpm.hours, J75*24, _xlpm.power_w, _xlfn.XLOOKUP(TRIM(D75), Settings!$F$4:$F$101, Settings!$G$4:$G$101, 120), _xlpm.rate, Settings!$D$4, _xlpm.qty * _xlpm.hours * (_xlpm.power_w / 1000) * _xlpm.rate ) -> 97.44 | O75: =_xlfn.LET( _xlpm.qty, C75, _xlpm.hours, J75*24, _xlpm.price, _xlfn.XLOOKUP(TRIM(D75), Settings!$F$4:$F$101, Settings!$H$4:$H$101, 0), _xlpm.life, _xlfn.XLOOKUP(TRIM(D75), Settings!$F$4:$F$101, Settings!$I$4:$I$101, 1), _xlpm.qty * _xlpm.hours * (_xlpm.price / _xlpm.life) ) -> 15000 | P75: =_xlfn.LET( _xlpm.qty, C75, _xlpm.hours, J75*24, _xlpm.price, _xlfn.XLOOKUP(TRIM(D75), Settings!$F$4:$F$101, Settings!$H$4:$H$101, 0), _xlpm.life, _xlfn.XLOOKUP(TRIM(D75), Settings!$F$4:$F$101, Settings!$I$4:$I$101, 1), _xlpm.pct, _xlfn.XLOOKUP(TRIM(D75), Settings!$F$4:$F$101, Settings!$J$4:$J$101, 0), _xlpm.qty * _xlpm.hours * (_xlpm.price / _xlpm.life * _xlpm.pct) ) -> 750 | Q75: =Jobs[[#This Row],[Post Pro/h]]*Settings!$D$18 -> 0 | R75: =(Jobs[[#This Row],[power/t]]+Jobs[[#This Row],[Matrial/t]]+Jobs[[#This Row],[downturn/t]]+Jobs[[#This Row],[Maintenance/t]]+Jobs[[#This Row],[Coloring/t]]+Jobs[[#This Row],[Extras]])*Settings!$D$12 -> 19496.232 | S75: =Jobs[[#This Row],[Matrial/t]] + Jobs[[#This Row],[power/t]] + Jobs[[#This Row],[downturn/t]] + Jobs[[#This Row],[Maintenance/t]] + Jobs[[#This Row],[Coloring/t]] + Jobs[[#This Row],[overhead/t]] + Jobs[[#This Row],[Extras]] -> 84483.672 | T75: =S75*(1+Settings!$D$5) -> 253451.02 | U75: =Jobs[[#This Row],[Sugested Price/t]] - Jobs[[#This Row],[base price/t]] -> 168967.34 | V75: =IFERROR(Jobs[[#This Row],[Gross margin/t]] / Jobs[[#This Row],[base price/t]], 0) -> 2
A76: CO013 | B76: ژاپنی | C76: 1 | D76: Anycubic Kobra S1- barbod | E76: PLA | F76: Black | G76: 88 | J76: 0.21805556 | M76: =_xlfn.LET( _xlpm.qty, C76, _xlpm.weight_g, G76 + H76 + Jobs[[#This Row],[Flushed/g]], _xlpm.material, TRIM(E76), _xlpm.price_per_kg, _xlfn.XLOOKUP(_xlpm.material, MaterialsTbl[Material], MaterialsTbl[Price_per_kg], 0), _xlpm.waste_pct, _xlfn.XLOOKUP(_xlpm.material, MaterialsTbl[Material], MaterialsTbl[Waste_pct], 0), _xlpm.qty * (_xlpm.weight_g / 1000) * _xlpm.price_per_kg * (1 + _xlpm.waste_pct) ) -> 240240 | N76: =_xlfn.LET( _xlpm.qty, C76, _xlpm.hours, J76*24, _xlpm.power_w, _xlfn.XLOOKUP(TRIM(D76), Settings!$F$4:$F$101, Settings!$G$4:$G$101, 120), _xlpm.rate, Settings!$D$4, _xlpm.qty * _xlpm.hours * (_xlpm.power_w / 1000) * _xlpm.rate ) -> 509.936 | O76: =_xlfn.LET( _xlpm.qty, C76, _xlpm.hours, J76*24, _xlpm.price, _xlfn.XLOOKUP(TRIM(D76), Settings!$F$4:$F$101, Settings!$H$4:$H$101, 0), _xlpm.life, _xlfn.XLOOKUP(TRIM(D76), Settings!$F$4:$F$101, Settings!$I$4:$I$101, 1), _xlpm.qty * _xlpm.hours * (_xlpm.price / _xlpm.life) ) -> 78500 | P76: =_xlfn.LET( _xlpm.qty, C76, _xlpm.hours, J76*24, _xlpm.price, _xlfn.XLOOKUP(TRIM(D76), Settings!$F$4:$F$101, Settings!$H$4:$H$101, 0), _xlpm.life, _xlfn.XLOOKUP(TRIM(D76), Settings!$F$4:$F$101, Settings!$I$4:$I$101, 1), _xlpm.pct, _xlfn.XLOOKUP(TRIM(D76), Settings!$F$4:$F$101, Settings!$J$4:$J$101, 0), _xlpm.qty * _xlpm.hours * (_xlpm.price / _xlpm.life * _xlpm.pct) ) -> 3925 | Q76: =Jobs[[#This Row],[Post Pro/h]]*Settings!$D$18 -> 0 | R76: =(Jobs[[#This Row],[power/t]]+Jobs[[#This Row],[Matrial/t]]+Jobs[[#This Row],[downturn/t]]+Jobs[[#This Row],[Maintenance/t]]+Jobs[[#This Row],[Coloring/t]]+Jobs[[#This Row],[Extras]])*Settings!$D$12 -> 96952.481 | S76: =Jobs[[#This Row],[Matrial/t]] + Jobs[[#This Row],[power/t]] + Jobs[[#This Row],[downturn/t]] + Jobs[[#This Row],[Maintenance/t]] + Jobs[[#This Row],[Coloring/t]] + Jobs[[#This Row],[overhead/t]] + Jobs[[#This Row],[Extras]] -> 420127.42 | T76: =S76*(1+Settings!$D$5) -> 1260382.3 | U76: =Jobs[[#This Row],[Sugested Price/t]] - Jobs[[#This Row],[base price/t]] -> 840254.83 | V76: =IFERROR(Jobs[[#This Row],[Gross margin/t]] / Jobs[[#This Row],[base price/t]], 0) -> 2
A77: CO014 | B77: بالش | C77: 1 | D77: Anycubic Kobra S1- barbod | E77: PLA | F77: Black | G77: 106 | J77: 0.14583333 | M77: =_xlfn.LET( _xlpm.qty, C77, _xlpm.weight_g, G77 + H77 + Jobs[[#This Row],[Flushed/g]], _xlpm.material, TRIM(E77), _xlpm.price_per_kg, _xlfn.XLOOKUP(_xlpm.material, MaterialsTbl[Material], MaterialsTbl[Price_per_kg], 0), _xlpm.waste_pct, _xlfn.XLOOKUP(_xlpm.material, MaterialsTbl[Material], MaterialsTbl[Waste_pct], 0), _xlpm.qty * (_xlpm.weight_g / 1000) * _xlpm.price_per_kg * (1 + _xlpm.waste_pct) ) -> 289380 | N77: =_xlfn.LET( _xlpm.qty, C77, _xlpm.hours, J77*24, _xlpm.power_w, _xlfn.XLOOKUP(TRIM(D77), Settings!$F$4:$F$101, Settings!$G$4:$G$101, 120), _xlpm.rate, Settings!$D$4, _xlpm.qty * _xlpm.hours * (_xlpm.power_w / 1000) * _xlpm.rate ) -> 341.04 | O77: =_xlfn.LET( _xlpm.qty, C77, _xlpm.hours, J77*24, _xlpm.price, _xlfn.XLOOKUP(TRIM(D77), Settings!$F$4:$F$101, Settings!$H$4:$H$101, 0), _xlpm.life, _xlfn.XLOOKUP(TRIM(D77), Settings!$F$4:$F$101, Settings!$I$4:$I$101, 1), _xlpm.qty * _xlpm.hours * (_xlpm.price / _xlpm.life) ) -> 52500 | P77: =_xlfn.LET( _xlpm.qty, C77, _xlpm.hours, J77*24, _xlpm.price, _xlfn.XLOOKUP(TRIM(D77), Settings!$F$4:$F$101, Settings!$H$4:$H$101, 0), _xlpm.life, _xlfn.XLOOKUP(TRIM(D77), Settings!$F$4:$F$101, Settings!$I$4:$I$101, 1), _xlpm.pct, _xlfn.XLOOKUP(TRIM(D77), Settings!$F$4:$F$101, Settings!$J$4:$J$101, 0), _xlpm.qty * _xlpm.hours * (_xlpm.price / _xlpm.life * _xlpm.pct) ) -> 2625 | Q77: =Jobs[[#This Row],[Post Pro/h]]*Settings!$D$18 -> 0 | R77: =(Jobs[[#This Row],[power/t]]+Jobs[[#This Row],[Matrial/t]]+Jobs[[#This Row],[downturn/t]]+Jobs[[#This Row],[Maintenance/t]]+Jobs[[#This Row],[Coloring/t]]+Jobs[[#This Row],[Extras]])*Settings!$D$12 -> 103453.81 | S77: =Jobs[[#This Row],[Matrial/t]] + Jobs[[#This Row],[power/t]] + Jobs[[#This Row],[downturn/t]] + Jobs[[#This Row],[Maintenance/t]] + Jobs[[#This Row],[Coloring/t]] + Jobs[[#This Row],[overhead/t]] + Jobs[[#This Row],[Extras]] -> 448299.85 | T77: =S77*(1+Settings!$D$5) -> 1344899.6 | U77: =Jobs[[#This Row],[Sugested Price/t]] - Jobs[[#This Row],[base price/t]] -> 896599.7 | V77: =IFERROR(Jobs[[#This Row],[Gross margin/t]] / Jobs[[#This Row],[base price/t]], 0) -> 2
A78: CO015 | B78: نیلوفر آبی | C78: 1 | D78: Anycubic Kobra S1- barbod | E78: PLA | F78: Black | G78: 120 | J78: 0.1875 | M78: =_xlfn.LET( _xlpm.qty, C78, _xlpm.weight_g, G78 + H78 + Jobs[[#This Row],[Flushed/g]], _xlpm.material, TRIM(E78), _xlpm.price_per_kg, _xlfn.XLOOKUP(_xlpm.material, MaterialsTbl[Material], MaterialsTbl[Price_per_kg], 0), _xlpm.waste_pct, _xlfn.XLOOKUP(_xlpm.material, MaterialsTbl[Material], MaterialsTbl[Waste_pct], 0), _xlpm.qty * (_xlpm.weight_g / 1000) * _xlpm.price_per_kg * (1 + _xlpm.waste_pct) ) -> 327600 | N78: =_xlfn.LET( _xlpm.qty, C78, _xlpm.hours, J78*24, _xlpm.power_w, _xlfn.XLOOKUP(TRIM(D78), Settings!$F$4:$F$101, Settings!$G$4:$G$101, 120), _xlpm.rate, Settings!$D$4, _xlpm.qty * _xlpm.hours * (_xlpm.power_w / 1000) * _xlpm.rate ) -> 438.48 | O78: =_xlfn.LET( _xlpm.qty, C78, _xlpm.hours, J78*24, _xlpm.price, _xlfn.XLOOKUP(TRIM(D78), Settings!$F$4:$F$101, Settings!$H$4:$H$101, 0), _xlpm.life, _xlfn.XLOOKUP(TRIM(D78), Settings!$F$4:$F$101, Settings!$I$4:$I$101, 1), _xlpm.qty * _xlpm.hours * (_xlpm.price / _xlpm.life) ) -> 67500 | P78: =_xlfn.LET( _xlpm.qty, C78, _xlpm.hours, J78*24, _xlpm.price, _xlfn.XLOOKUP(TRIM(D78), Settings!$F$4:$F$101, Settings!$H$4:$H$101, 0), _xlpm.life, _xlfn.XLOOKUP(TRIM(D78), Settings!$F$4:$F$101, Settings!$I$4:$I$101, 1), _xlpm.pct, _xlfn.XLOOKUP(TRIM(D78), Settings!$F$4:$F$101, Settings!$J$4:$J$101, 0), _xlpm.qty * _xlpm.hours * (_xlpm.price / _xlpm.life * _xlpm.pct) ) -> 3375 | Q78: =Jobs[[#This Row],[Post Pro/h]]*Settings!$D$18 -> 0 | R78: =(Jobs[[#This Row],[power/t]]+Jobs[[#This Row],[Matrial/t]]+Jobs[[#This Row],[downturn/t]]+Jobs[[#This Row],[Maintenance/t]]+Jobs[[#This Row],[Coloring/t]]+Jobs[[#This Row],[Extras]])*Settings!$D$12 -> 119674.04 | S78: =Jobs[[#This Row],[Matrial/t]] + Jobs[[#This Row],[power/t]] + Jobs[[#This Row],[downturn/t]] + Jobs[[#This Row],[Maintenance/t]] + Jobs[[#This Row],[Coloring/t]] + Jobs[[#This Row],[overhead/t]] + Jobs[[#This Row],[Extras]] -> 518587.52 | T78: =S78*(1+Settings!$D$5) -> 1555762.6 | U78: =Jobs[[#This Row],[Sugested Price/t]] - Jobs[[#This Row],[base price/t]] -> 1037175 | V78: =IFERROR(Jobs[[#This Row],[Gross margin/t]] / Jobs[[#This Row],[base price/t]], 0) -> 2
A79: CO016 | B79: گوسفند | C79: 1 | D79: Anycubic Kobra S1- office | E79: PLA | F79: Black | G79: 150 | J79: 0.16666667 | M79: =_xlfn.LET( _xlpm.qty, C79, _xlpm.weight_g, G79 + H79 + Jobs[[#This Row],[Flushed/g]], _xlpm.material, TRIM(E79), _xlpm.price_per_kg, _xlfn.XLOOKUP(_xlpm.material, MaterialsTbl[Material], MaterialsTbl[Price_per_kg], 0), _xlpm.waste_pct, _xlfn.XLOOKUP(_xlpm.material, MaterialsTbl[Material], MaterialsTbl[Waste_pct], 0), _xlpm.qty * (_xlpm.weight_g / 1000) * _xlpm.price_per_kg * (1 + _xlpm.waste_pct) ) -> 409500 | N79: =_xlfn.LET( _xlpm.qty, C79, _xlpm.hours, J79*24, _xlpm.power_w, _xlfn.XLOOKUP(TRIM(D79), Settings!$F$4:$F$101, Settings!$G$4:$G$101, 120), _xlpm.rate, Settings!$D$4, _xlpm.qty * _xlpm.hours * (_xlpm.power_w / 1000) * _xlpm.rate ) -> 389.76 | O79: =_xlfn.LET( _xlpm.qty, C79, _xlpm.hours, J79*24, _xlpm.price, _xlfn.XLOOKUP(TRIM(D79), Settings!$F$4:$F$101, Settings!$H$4:$H$101, 0), _xlpm.life, _xlfn.XLOOKUP(TRIM(D79), Settings!$F$4:$F$101, Settings!$I$4:$I$101, 1), _xlpm.qty * _xlpm.hours * (_xlpm.price / _xlpm.life) ) -> 75200 | P79: =_xlfn.LET( _xlpm.qty, C79, _xlpm.hours, J79*24, _xlpm.price, _xlfn.XLOOKUP(TRIM(D79), Settings!$F$4:$F$101, Settings!$H$4:$H$101, 0), _xlpm.life, _xlfn.XLOOKUP(TRIM(D79), Settings!$F$4:$F$101, Settings!$I$4:$I$101, 1), _xlpm.pct, _xlfn.XLOOKUP(TRIM(D79), Settings!$F$4:$F$101, Settings!$J$4:$J$101, 0), _xlpm.qty * _xlpm.hours * (_xlpm.price / _xlpm.life * _xlpm.pct) ) -> 3760 | Q79: =Jobs[[#This Row],[Post Pro/h]]*Settings!$D$18 -> 0 | R79: =(Jobs[[#This Row],[power/t]]+Jobs[[#This Row],[Matrial/t]]+Jobs[[#This Row],[downturn/t]]+Jobs[[#This Row],[Maintenance/t]]+Jobs[[#This Row],[Coloring/t]]+Jobs[[#This Row],[Extras]])*Settings!$D$12 -> 146654.93 | S79: =Jobs[[#This Row],[Matrial/t]] + Jobs[[#This Row],[power/t]] + Jobs[[#This Row],[downturn/t]] + Jobs[[#This Row],[Maintenance/t]] + Jobs[[#This Row],[Coloring/t]] + Jobs[[#This Row],[overhead/t]] + Jobs[[#This Row],[Extras]] -> 635504.69 | T79: =S79*(1+Settings!$D$5) -> 1906514.1 | U79: =Jobs[[#This Row],[Sugested Price/t]] - Jobs[[#This Row],[base price/t]] -> 1271009.4 | V79: =IFERROR(Jobs[[#This Row],[Gross margin/t]] / Jobs[[#This Row],[base price/t]], 0) -> 2
A80: CO017 | B80: گلدان | C80: 1 | D80: Anycubic Kobra S1- office | E80: PLA | F80: Black | G80: 231 | J80: 0.29375 | M80: =_xlfn.LET( _xlpm.qty, C80, _xlpm.weight_g, G80 + H80 + Jobs[[#This Row],[Flushed/g]], _xlpm.material, TRIM(E80), _xlpm.price_per_kg, _xlfn.XLOOKUP(_xlpm.material, MaterialsTbl[Material], MaterialsTbl[Price_per_kg], 0), _xlpm.waste_pct, _xlfn.XLOOKUP(_xlpm.material, MaterialsTbl[Material], MaterialsTbl[Waste_pct], 0), _xlpm.qty * (_xlpm.weight_g / 1000) * _xlpm.price_per_kg * (1 + _xlpm.waste_pct) ) -> 630630 | N80: =_xlfn.LET( _xlpm.qty, C80, _xlpm.hours, J80*24, _xlpm.power_w, _xlfn.XLOOKUP(TRIM(D80), Settings!$F$4:$F$101, Settings!$G$4:$G$101, 120), _xlpm.rate, Settings!$D$4, _xlpm.qty * _xlpm.hours * (_xlpm.power_w / 1000) * _xlpm.rate ) -> 686.952 | O80: =_xlfn.LET( _xlpm.qty, C80, _xlpm.hours, J80*24, _xlpm.price, _xlfn.XLOOKUP(TRIM(D80), Settings!$F$4:$F$101, Settings!$H$4:$H$101, 0), _xlpm.life, _xlfn.XLOOKUP(TRIM(D80), Settings!$F$4:$F$101, Settings!$I$4:$I$101, 1), _xlpm.qty * _xlpm.hours * (_xlpm.price / _xlpm.life) ) -> 132540 | P80: =_xlfn.LET( _xlpm.qty, C80, _xlpm.hours, J80*24, _xlpm.price, _xlfn.XLOOKUP(TRIM(D80), Settings!$F$4:$F$101, Settings!$H$4:$H$101, 0), _xlpm.life, _xlfn.XLOOKUP(TRIM(D80), Settings!$F$4:$F$101, Settings!$I$4:$I$101, 1), _xlpm.pct, _xlfn.XLOOKUP(TRIM(D80), Settings!$F$4:$F$101, Settings!$J$4:$J$101, 0), _xlpm.qty * _xlpm.hours * (_xlpm.price / _xlpm.life * _xlpm.pct) ) -> 6627 | Q80: =Jobs[[#This Row],[Post Pro/h]]*Settings!$D$18 -> 0 | R80: =(Jobs[[#This Row],[power/t]]+Jobs[[#This Row],[Matrial/t]]+Jobs[[#This Row],[downturn/t]]+Jobs[[#This Row],[Maintenance/t]]+Jobs[[#This Row],[Coloring/t]]+Jobs[[#This Row],[Extras]])*Settings!$D$12 -> 231145.19 | S80: =Jobs[[#This Row],[Matrial/t]] + Jobs[[#This Row],[power/t]] + Jobs[[#This Row],[downturn/t]] + Jobs[[#This Row],[Maintenance/t]] + Jobs[[#This Row],[Coloring/t]] + Jobs[[#This Row],[overhead/t]] + Jobs[[#This Row],[Extras]] -> 1001629.1 | T80: =S80*(1+Settings!$D$5) -> 3004887.4 | U80: =Jobs[[#This Row],[Sugested Price/t]] - Jobs[[#This Row],[base price/t]] -> 2003258.3 | V80: =IFERROR(Jobs[[#This Row],[Gross margin/t]] / Jobs[[#This Row],[base price/t]], 0) -> 2
A81: CO018 | B81: پترن 3 | C81: 1 | D81: Anycubic Kobra S1- office | E81: PLA | F81: Black | G81: 95 | J81: 0.13194444 | M81: =_xlfn.LET( _xlpm.qty, C81, _xlpm.weight_g, G81 + H81 + Jobs[[#This Row],[Flushed/g]], _xlpm.material, TRIM(E81), _xlpm.price_per_kg, _xlfn.XLOOKUP(_xlpm.material, MaterialsTbl[Material], MaterialsTbl[Price_per_kg], 0), _xlpm.waste_pct, _xlfn.XLOOKUP(_xlpm.material, MaterialsTbl[Material], MaterialsTbl[Waste_pct], 0), _xlpm.qty * (_xlpm.weight_g / 1000) * _xlpm.price_per_kg * (1 + _xlpm.waste_pct) ) -> 259350 | N81: =_xlfn.LET( _xlpm.qty, C81, _xlpm.hours, J81*24, _xlpm.power_w, _xlfn.XLOOKUP(TRIM(D81), Settings!$F$4:$F$101, Settings!$G$4:$G$101, 120), _xlpm.rate, Settings!$D$4, _xlpm.qty * _xlpm.hours * (_xlpm.power_w / 1000) * _xlpm.rate ) -> 308.56 | O81: =_xlfn.LET( _xlpm.qty, C81, _xlpm.hours, J81*24, _xlpm.price, _xlfn.XLOOKUP(TRIM(D81), Settings!$F$4:$F$101, Settings!$H$4:$H$101, 0), _xlpm.life, _xlfn.XLOOKUP(TRIM(D81), Settings!$F$4:$F$101, Settings!$I$4:$I$101, 1), _xlpm.qty * _xlpm.hours * (_xlpm.price / _xlpm.life) ) -> 59533.333 | P81: =_xlfn.LET( _xlpm.qty, C81, _xlpm.hours, J81*24, _xlpm.price, _xlfn.XLOOKUP(TRIM(D81), Settings!$F$4:$F$101, Settings!$H$4:$H$101, 0), _xlpm.life, _xlfn.XLOOKUP(TRIM(D81), Settings!$F$4:$F$101, Settings!$I$4:$I$101, 1), _xlpm.pct, _xlfn.XLOOKUP(TRIM(D81), Settings!$F$4:$F$101, Settings!$J$4:$J$101, 0), _xlpm.qty * _xlpm.hours * (_xlpm.price / _xlpm.life * _xlpm.pct) ) -> 2976.6667 | Q81: =Jobs[[#This Row],[Post Pro/h]]*Settings!$D$18 -> 0 | R81: =(Jobs[[#This Row],[power/t]]+Jobs[[#This Row],[Matrial/t]]+Jobs[[#This Row],[downturn/t]]+Jobs[[#This Row],[Maintenance/t]]+Jobs[[#This Row],[Coloring/t]]+Jobs[[#This Row],[Extras]])*Settings!$D$12 -> 96650.568 | S81: =Jobs[[#This Row],[Matrial/t]] + Jobs[[#This Row],[power/t]] + Jobs[[#This Row],[downturn/t]] + Jobs[[#This Row],[Maintenance/t]] + Jobs[[#This Row],[Coloring/t]] + Jobs[[#This Row],[overhead/t]] + Jobs[[#This Row],[Extras]] -> 418819.13 | T81: =S81*(1+Settings!$D$5) -> 1256457.4 | U81: =Jobs[[#This Row],[Sugested Price/t]] - Jobs[[#This Row],[base price/t]] -> 837638.26 | V81: =IFERROR(Jobs[[#This Row],[Gross margin/t]] / Jobs[[#This Row],[base price/t]], 0) -> 2
... A83: CO020 | B83: دونه برف | C83: 1 | D83: Anycubic Kobra S1- office | E83: PLA | F83: Black | G83: 9 | J83: 0.020833333 | M83: =_xlfn.LET( _xlpm.qty, C83, _xlpm.weight_g, G83 + H83 + Jobs[[#This Row],[Flushed/g]], _xlpm.material, TRIM(E83), _xlpm.price_per_kg, _xlfn.XLOOKUP(_xlpm.material, MaterialsTbl[Material], MaterialsTbl[Price_per_kg], 0), _xlpm.waste_pct, _xlfn.XLOOKUP(_xlpm.material, MaterialsTbl[Material], MaterialsTbl[Waste_pct], 0), _xlpm.qty * (_xlpm.weight_g / 1000) * _xlpm.price_per_kg * (1 + _xlpm.waste_pct) ) -> 24570 | N83: =_xlfn.LET( _xlpm.qty, C83, _xlpm.hours, J83*24, _xlpm.power_w, _xlfn.XLOOKUP(TRIM(D83), Settings!$F$4:$F$101, Settings!$G$4:$G$101, 120), _xlpm.rate, Settings!$D$4, _xlpm.qty * _xlpm.hours * (_xlpm.power_w / 1000) * _xlpm.rate ) -> 48.72 | O83: =_xlfn.LET( _xlpm.qty, C83, _xlpm.hours, J83*24, _xlpm.price, _xlfn.XLOOKUP(TRIM(D83), Settings!$F$4:$F$101, Settings!$H$4:$H$101, 0), _xlpm.life, _xlfn.XLOOKUP(TRIM(D83), Settings!$F$4:$F$101, Settings!$I$4:$I$101, 1), _xlpm.qty * _xlpm.hours * (_xlpm.price / _xlpm.life) ) -> 9400 | P83: =_xlfn.LET( _xlpm.qty, C83, _xlpm.hours, J83*24, _xlpm.price, _xlfn.XLOOKUP(TRIM(D83), Settings!$F$4:$F$101, Settings!$H$4:$H$101, 0), _xlpm.life, _xlfn.XLOOKUP(TRIM(D83), Settings!$F$4:$F$101, Settings!$I$4:$I$101, 1), _xlpm.pct, _xlfn.XLOOKUP(TRIM(D83), Settings!$F$4:$F$101, Settings!$J$4:$J$101, 0), _xlpm.qty * _xlpm.hours * (_xlpm.price / _xlpm.life * _xlpm.pct) ) -> 470 | Q83: =Jobs[[#This Row],[Post Pro/h]]*Settings!$D$18 -> 0 | R83: =(Jobs[[#This Row],[power/t]]+Jobs[[#This Row],[Matrial/t]]+Jobs[[#This Row],[downturn/t]]+Jobs[[#This Row],[Maintenance/t]]+Jobs[[#This Row],[Coloring/t]]+Jobs[[#This Row],[Extras]])*Settings!$D$12 -> 10346.616 | S83: =Jobs[[#This Row],[Matrial/t]] + Jobs[[#This Row],[power/t]] + Jobs[[#This Row],[downturn/t]] + Jobs[[#This Row],[Maintenance/t]] + Jobs[[#This Row],[Coloring/t]] + Jobs[[#This Row],[overhead/t]] + Jobs[[#This Row],[Extras]] -> 44835.336 | T83: =S83*(1+Settings!$D$5) -> 134506.01 | U83: =Jobs[[#This Row],[Sugested Price/t]] - Jobs[[#This Row],[base price/t]] -> 89670.672 | V83: =IFERROR(Jobs[[#This Row],[Gross margin/t]] / Jobs[[#This Row],[base price/t]], 0) -> 2
A84: CO001 | B84: گرامافون | C84: 1 | D84: Anycubic Kobra S1- office | E84: PLA | F84: Black | M84: =_xlfn.LET( _xlpm.qty, C84, _xlpm.weight_g, G84 + H84 + Jobs[[#This Row],[Flushed/g]], _xlpm.material, TRIM(E84), _xlpm.price_per_kg, _xlfn.XLOOKUP(_xlpm.material, MaterialsTbl[Material], MaterialsTbl[Price_per_kg], 0), _xlpm.waste_pct, _xlfn.XLOOKUP(_xlpm.material, MaterialsTbl[Material], MaterialsTbl[Waste_pct], 0), _xlpm.qty * (_xlpm.weight_g / 1000) * _xlpm.price_per_kg * (1 + _xlpm.waste_pct) ) -> 0 | N84: =_xlfn.LET( _xlpm.qty, C84, _xlpm.hours, J84*24, _xlpm.power_w, _xlfn.XLOOKUP(TRIM(D84), Settings!$F$4:$F$101, Settings!$G$4:$G$101, 120), _xlpm.rate, Settings!$D$4, _xlpm.qty * _xlpm.hours * (_xlpm.power_w / 1000) * _xlpm.rate ) -> 0 | O84: =_xlfn.LET( _xlpm.qty, C84, _xlpm.hours, J84*24, _xlpm.price, _xlfn.XLOOKUP(TRIM(D84), Settings!$F$4:$F$101, Settings!$H$4:$H$101, 0), _xlpm.life, _xlfn.XLOOKUP(TRIM(D84), Settings!$F$4:$F$101, Settings!$I$4:$I$101, 1), _xlpm.qty * _xlpm.hours * (_xlpm.price / _xlpm.life) ) -> 0 | P84: =_xlfn.LET( _xlpm.qty, C84, _xlpm.hours, J84*24, _xlpm.price, _xlfn.XLOOKUP(TRIM(D84), Settings!$F$4:$F$101, Settings!$H$4:$H$101, 0), _xlpm.life, _xlfn.XLOOKUP(TRIM(D84), Settings!$F$4:$F$101, Settings!$I$4:$I$101, 1), _xlpm.pct, _xlfn.XLOOKUP(TRIM(D84), Settings!$F$4:$F$101, Settings!$J$4:$J$101, 0), _xlpm.qty * _xlpm.hours * (_xlpm.price / _xlpm.life * _xlpm.pct) ) -> 0 | Q84: =Jobs[[#This Row],[Post Pro/h]]*Settings!$D$18 -> 0 | R84: =(Jobs[[#This Row],[power/t]]+Jobs[[#This Row],[Matrial/t]]+Jobs[[#This Row],[downturn/t]]+Jobs[[#This Row],[Maintenance/t]]+Jobs[[#This Row],[Coloring/t]]+Jobs[[#This Row],[Extras]])*Settings!$D$12 -> 0 | S84: =Jobs[[#This Row],[Matrial/t]] + Jobs[[#This Row],[power/t]] + Jobs[[#This Row],[downturn/t]] + Jobs[[#This Row],[Maintenance/t]] + Jobs[[#This Row],[Coloring/t]] + Jobs[[#This Row],[overhead/t]] + Jobs[[#This Row],[Extras]] -> 0 | T84: =S84*(1+Settings!$D$5) -> 0 | U84: =Jobs[[#This Row],[Sugested Price/t]] - Jobs[[#This Row],[base price/t]] -> 0 | V84: =IFERROR(Jobs[[#This Row],[Gross margin/t]] / Jobs[[#This Row],[base price/t]], 0) -> 0
A85: SK001 | B85: آویز دیواری 1 | C85: 1 | D85: Anycubic Kobra S1- office | E85: PLA | F85: Black | G85: 128 | J85: 0.1875 | M85: =_xlfn.LET( _xlpm.qty, C85, _xlpm.weight_g, G85 + H85 + Jobs[[#This Row],[Flushed/g]], _xlpm.material, TRIM(E85), _xlpm.price_per_kg, _xlfn.XLOOKUP(_xlpm.material, MaterialsTbl[Material], MaterialsTbl[Price_per_kg], 0), _xlpm.waste_pct, _xlfn.XLOOKUP(_xlpm.material, MaterialsTbl[Material], MaterialsTbl[Waste_pct], 0), _xlpm.qty * (_xlpm.weight_g / 1000) * _xlpm.price_per_kg * (1 + _xlpm.waste_pct) ) -> 349440 | N85: =_xlfn.LET( _xlpm.qty, C85, _xlpm.hours, J85*24, _xlpm.power_w, _xlfn.XLOOKUP(TRIM(D85), Settings!$F$4:$F$101, Settings!$G$4:$G$101, 120), _xlpm.rate, Settings!$D$4, _xlpm.qty * _xlpm.hours * (_xlpm.power_w / 1000) * _xlpm.rate ) -> 438.48 | O85: =_xlfn.LET( _xlpm.qty, C85, _xlpm.hours, J85*24, _xlpm.price, _xlfn.XLOOKUP(TRIM(D85), Settings!$F$4:$F$101, Settings!$H$4:$H$101, 0), _xlpm.life, _xlfn.XLOOKUP(TRIM(D85), Settings!$F$4:$F$101, Settings!$I$4:$I$101, 1), _xlpm.qty * _xlpm.hours * (_xlpm.price / _xlpm.life) ) -> 84600 | P85: =_xlfn.LET( _xlpm.qty, C85, _xlpm.hours, J85*24, _xlpm.price, _xlfn.XLOOKUP(TRIM(D85), Settings!$F$4:$F$101, Settings!$H$4:$H$101, 0), _xlpm.life, _xlfn.XLOOKUP(TRIM(D85), Settings!$F$4:$F$101, Settings!$I$4:$I$101, 1), _xlpm.pct, _xlfn.XLOOKUP(TRIM(D85), Settings!$F$4:$F$101, Settings!$J$4:$J$101, 0), _xlpm.qty * _xlpm.hours * (_xlpm.price / _xlpm.life * _xlpm.pct) ) -> 4230 | Q85: =Jobs[[#This Row],[Post Pro/h]]*Settings!$D$18 -> 0 | R85: =(Jobs[[#This Row],[power/t]]+Jobs[[#This Row],[Matrial/t]]+Jobs[[#This Row],[downturn/t]]+Jobs[[#This Row],[Maintenance/t]]+Jobs[[#This Row],[Coloring/t]]+Jobs[[#This Row],[Extras]])*Settings!$D$12 -> 131612.54 | S85: =Jobs[[#This Row],[Matrial/t]] + Jobs[[#This Row],[power/t]] + Jobs[[#This Row],[downturn/t]] + Jobs[[#This Row],[Maintenance/t]] + Jobs[[#This Row],[Coloring/t]] + Jobs[[#This Row],[overhead/t]] + Jobs[[#This Row],[Extras]] -> 570321.02 | T85: =S85*(1+Settings!$D$5) -> 1710963.1 | U85: =Jobs[[#This Row],[Sugested Price/t]] - Jobs[[#This Row],[base price/t]] -> 1140642 | V85: =IFERROR(Jobs[[#This Row],[Gross margin/t]] / Jobs[[#This Row],[base price/t]], 0) -> 2
A86: SK002 | B86: اسکیت پارک ماژولار | C86: 1 | D86: Anycubic Kobra S1- office | E86: PLA | F86: Black | M86: =_xlfn.LET( _xlpm.qty, C86, _xlpm.weight_g, G86 + H86 + Jobs[[#This Row],[Flushed/g]], _xlpm.material, TRIM(E86), _xlpm.price_per_kg, _xlfn.XLOOKUP(_xlpm.material, MaterialsTbl[Material], MaterialsTbl[Price_per_kg], 0), _xlpm.waste_pct, _xlfn.XLOOKUP(_xlpm.material, MaterialsTbl[Material], MaterialsTbl[Waste_pct], 0), _xlpm.qty * (_xlpm.weight_g / 1000) * _xlpm.price_per_kg * (1 + _xlpm.waste_pct) ) -> 0 | N86: =_xlfn.LET( _xlpm.qty, C86, _xlpm.hours, J86*24, _xlpm.power_w, _xlfn.XLOOKUP(TRIM(D86), Settings!$F$4:$F$101, Settings!$G$4:$G$101, 120), _xlpm.rate, Settings!$D$4, _xlpm.qty * _xlpm.hours * (_xlpm.power_w / 1000) * _xlpm.rate ) -> 0 | O86: =_xlfn.LET( _xlpm.qty, C86, _xlpm.hours, J86*24, _xlpm.price, _xlfn.XLOOKUP(TRIM(D86), Settings!$F$4:$F$101, Settings!$H$4:$H$101, 0), _xlpm.life, _xlfn.XLOOKUP(TRIM(D86), Settings!$F$4:$F$101, Settings!$I$4:$I$101, 1), _xlpm.qty * _xlpm.hours * (_xlpm.price / _xlpm.life) ) -> 0 | P86: =_xlfn.LET( _xlpm.qty, C86, _xlpm.hours, J86*24, _xlpm.price, _xlfn.XLOOKUP(TRIM(D86), Settings!$F$4:$F$101, Settings!$H$4:$H$101, 0), _xlpm.life, _xlfn.XLOOKUP(TRIM(D86), Settings!$F$4:$F$101, Settings!$I$4:$I$101, 1), _xlpm.pct, _xlfn.XLOOKUP(TRIM(D86), Settings!$F$4:$F$101, Settings!$J$4:$J$101, 0), _xlpm.qty * _xlpm.hours * (_xlpm.price / _xlpm.life * _xlpm.pct) ) -> 0 | Q86: =Jobs[[#This Row],[Post Pro/h]]*Settings!$D$18 -> 0 | R86: =(Jobs[[#This Row],[power/t]]+Jobs[[#This Row],[Matrial/t]]+Jobs[[#This Row],[downturn/t]]+Jobs[[#This Row],[Maintenance/t]]+Jobs[[#This Row],[Coloring/t]]+Jobs[[#This Row],[Extras]])*Settings!$D$12 -> 0 | S86: =Jobs[[#This Row],[Matrial/t]] + Jobs[[#This Row],[power/t]] + Jobs[[#This Row],[downturn/t]] + Jobs[[#This Row],[Maintenance/t]] + Jobs[[#This Row],[Coloring/t]] + Jobs[[#This Row],[overhead/t]] + Jobs[[#This Row],[Extras]] -> 0 | T86: =S86*(1+Settings!$D$5) -> 0 | U86: =Jobs[[#This Row],[Sugested Price/t]] - Jobs[[#This Row],[base price/t]] -> 0 | V86: =IFERROR(Jobs[[#This Row],[Gross margin/t]] / Jobs[[#This Row],[base price/t]], 0) -> 0
A87: SK003 | B87: آویز دیواری 2 | C87: 1 | D87: Anycubic Kobra S1- office | E87: PLA | F87: Black | G87: 75 | J87: 0.09375 | M87: =_xlfn.LET( _xlpm.qty, C87, _xlpm.weight_g, G87 + H87 + Jobs[[#This Row],[Flushed/g]], _xlpm.material, TRIM(E87), _xlpm.price_per_kg, _xlfn.XLOOKUP(_xlpm.material, MaterialsTbl[Material], MaterialsTbl[Price_per_kg], 0), _xlpm.waste_pct, _xlfn.XLOOKUP(_xlpm.material, MaterialsTbl[Material], MaterialsTbl[Waste_pct], 0), _xlpm.qty * (_xlpm.weight_g / 1000) * _xlpm.price_per_kg * (1 + _xlpm.waste_pct) ) -> 204750 | N87: =_xlfn.LET( _xlpm.qty, C87, _xlpm.hours, J87*24, _xlpm.power_w, _xlfn.XLOOKUP(TRIM(D87), Settings!$F$4:$F$101, Settings!$G$4:$G$101, 120), _xlpm.rate, Settings!$D$4, _xlpm.qty * _xlpm.hours * (_xlpm.power_w / 1000) * _xlpm.rate ) -> 219.24 | O87: =_xlfn.LET( _xlpm.qty, C87, _xlpm.hours, J87*24, _xlpm.price, _xlfn.XLOOKUP(TRIM(D87), Settings!$F$4:$F$101, Settings!$H$4:$H$101, 0), _xlpm.life, _xlfn.XLOOKUP(TRIM(D87), Settings!$F$4:$F$101, Settings!$I$4:$I$101, 1), _xlpm.qty * _xlpm.hours * (_xlpm.price / _xlpm.life) ) -> 42300 | P87: =_xlfn.LET( _xlpm.qty, C87, _xlpm.hours, J87*24, _xlpm.price, _xlfn.XLOOKUP(TRIM(D87), Settings!$F$4:$F$101, Settings!$H$4:$H$101, 0), _xlpm.life, _xlfn.XLOOKUP(TRIM(D87), Settings!$F$4:$F$101, Settings!$I$4:$I$101, 1), _xlpm.pct, _xlfn.XLOOKUP(TRIM(D87), Settings!$F$4:$F$101, Settings!$J$4:$J$101, 0), _xlpm.qty * _xlpm.hours * (_xlpm.price / _xlpm.life * _xlpm.pct) ) -> 2115 | Q87: =Jobs[[#This Row],[Post Pro/h]]*Settings!$D$18 -> 0 | R87: =(Jobs[[#This Row],[power/t]]+Jobs[[#This Row],[Matrial/t]]+Jobs[[#This Row],[downturn/t]]+Jobs[[#This Row],[Maintenance/t]]+Jobs[[#This Row],[Coloring/t]]+Jobs[[#This Row],[Extras]])*Settings!$D$12 -> 74815.272 | S87: =Jobs[[#This Row],[Matrial/t]] + Jobs[[#This Row],[power/t]] + Jobs[[#This Row],[downturn/t]] + Jobs[[#This Row],[Maintenance/t]] + Jobs[[#This Row],[Coloring/t]] + Jobs[[#This Row],[overhead/t]] + Jobs[[#This Row],[Extras]] -> 324199.51 | T87: =S87*(1+Settings!$D$5) -> 972598.54 | U87: =Jobs[[#This Row],[Sugested Price/t]] - Jobs[[#This Row],[base price/t]] -> 648399.02 | V87: =IFERROR(Jobs[[#This Row],[Gross margin/t]] / Jobs[[#This Row],[base price/t]], 0) -> 2
A88: SK004 | B88: مینی پارک 1 | C88: 1 | D88: Anycubic Kobra S1- office | E88: PLA | F88: Black | G88: 130 | J88: 0.16666667 | M88: =_xlfn.LET( _xlpm.qty, C88, _xlpm.weight_g, G88 + H88 + Jobs[[#This Row],[Flushed/g]], _xlpm.material, TRIM(E88), _xlpm.price_per_kg, _xlfn.XLOOKUP(_xlpm.material, MaterialsTbl[Material], MaterialsTbl[Price_per_kg], 0), _xlpm.waste_pct, _xlfn.XLOOKUP(_xlpm.material, MaterialsTbl[Material], MaterialsTbl[Waste_pct], 0), _xlpm.qty * (_xlpm.weight_g / 1000) * _xlpm.price_per_kg * (1 + _xlpm.waste_pct) ) -> 354900 | N88: =_xlfn.LET( _xlpm.qty, C88, _xlpm.hours, J88*24, _xlpm.power_w, _xlfn.XLOOKUP(TRIM(D88), Settings!$F$4:$F$101, Settings!$G$4:$G$101, 120), _xlpm.rate, Settings!$D$4, _xlpm.qty * _xlpm.hours * (_xlpm.power_w / 1000) * _xlpm.rate ) -> 389.76 | O88: =_xlfn.LET( _xlpm.qty, C88, _xlpm.hours, J88*24, _xlpm.price, _xlfn.XLOOKUP(TRIM(D88), Settings!$F$4:$F$101, Settings!$H$4:$H$101, 0), _xlpm.life, _xlfn.XLOOKUP(TRIM(D88), Settings!$F$4:$F$101, Settings!$I$4:$I$101, 1), _xlpm.qty * _xlpm.hours * (_xlpm.price / _xlpm.life) ) -> 75200 | P88: =_xlfn.LET( _xlpm.qty, C88, _xlpm.hours, J88*24, _xlpm.price, _xlfn.XLOOKUP(TRIM(D88), Settings!$F$4:$F$101, Settings!$H$4:$H$101, 0), _xlpm.life, _xlfn.XLOOKUP(TRIM(D88), Settings!$F$4:$F$101, Settings!$I$4:$I$101, 1), _xlpm.pct, _xlfn.XLOOKUP(TRIM(D88), Settings!$F$4:$F$101, Settings!$J$4:$J$101, 0), _xlpm.qty * _xlpm.hours * (_xlpm.price / _xlpm.life * _xlpm.pct) ) -> 3760 | Q88: =Jobs[[#This Row],[Post Pro/h]]*Settings!$D$18 -> 0 | R88: =(Jobs[[#This Row],[power/t]]+Jobs[[#This Row],[Matrial/t]]+Jobs[[#This Row],[downturn/t]]+Jobs[[#This Row],[Maintenance/t]]+Jobs[[#This Row],[Coloring/t]]+Jobs[[#This Row],[Extras]])*Settings!$D$12 -> 130274.93 | S88: =Jobs[[#This Row],[Matrial/t]] + Jobs[[#This Row],[power/t]] + Jobs[[#This Row],[downturn/t]] + Jobs[[#This Row],[Maintenance/t]] + Jobs[[#This Row],[Coloring/t]] + Jobs[[#This Row],[overhead/t]] + Jobs[[#This Row],[Extras]] -> 564524.69 | T88: =S88*(1+Settings!$D$5) -> 1693574.1 | U88: =Jobs[[#This Row],[Sugested Price/t]] - Jobs[[#This Row],[base price/t]] -> 1129049.4 | V88: =IFERROR(Jobs[[#This Row],[Gross margin/t]] / Jobs[[#This Row],[base price/t]], 0) -> 2
A89: SK005 | B89: مینی پارک 2 | C89: 1 | D89: Anycubic Kobra S1- office | E89: PLA | F89: Black | G89: 740 | J89: 0.875 | M89: =_xlfn.LET( _xlpm.qty, C89, _xlpm.weight_g, G89 + H89 + Jobs[[#This Row],[Flushed/g]], _xlpm.material, TRIM(E89), _xlpm.price_per_kg, _xlfn.XLOOKUP(_xlpm.material, MaterialsTbl[Material], MaterialsTbl[Price_per_kg], 0), _xlpm.waste_pct, _xlfn.XLOOKUP(_xlpm.material, MaterialsTbl[Material], MaterialsTbl[Waste_pct], 0), _xlpm.qty * (_xlpm.weight_g / 1000) * _xlpm.price_per_kg * (1 + _xlpm.waste_pct) ) -> 2020200 | N89: =_xlfn.LET( _xlpm.qty, C89, _xlpm.hours, J89*24, _xlpm.power_w, _xlfn.XLOOKUP(TRIM(D89), Settings!$F$4:$F$101, Settings!$G$4:$G$101, 120), _xlpm.rate, Settings!$D$4, _xlpm.qty * _xlpm.hours * (_xlpm.power_w / 1000) * _xlpm.rate ) -> 2046.24 | O89: =_xlfn.LET( _xlpm.qty, C89, _xlpm.hours, J89*24, _xlpm.price, _xlfn.XLOOKUP(TRIM(D89), Settings!$F$4:$F$101, Settings!$H$4:$H$101, 0), _xlpm.life, _xlfn.XLOOKUP(TRIM(D89), Settings!$F$4:$F$101, Settings!$I$4:$I$101, 1), _xlpm.qty * _xlpm.hours * (_xlpm.price / _xlpm.life) ) -> 394800 | P89: =_xlfn.LET( _xlpm.qty, C89, _xlpm.hours, J89*24, _xlpm.price, _xlfn.XLOOKUP(TRIM(D89), Settings!$F$4:$F$101, Settings!$H$4:$H$101, 0), _xlpm.life, _xlfn.XLOOKUP(TRIM(D89), Settings!$F$4:$F$101, Settings!$I$4:$I$101, 1), _xlpm.pct, _xlfn.XLOOKUP(TRIM(D89), Settings!$F$4:$F$101, Settings!$J$4:$J$101, 0), _xlpm.qty * _xlpm.hours * (_xlpm.price / _xlpm.life * _xlpm.pct) ) -> 19740 | Q89: =Jobs[[#This Row],[Post Pro/h]]*Settings!$D$18 -> 0 | R89: =(Jobs[[#This Row],[power/t]]+Jobs[[#This Row],[Matrial/t]]+Jobs[[#This Row],[downturn/t]]+Jobs[[#This Row],[Maintenance/t]]+Jobs[[#This Row],[Coloring/t]]+Jobs[[#This Row],[Extras]])*Settings!$D$12 -> 731035.87 | S89: =Jobs[[#This Row],[Matrial/t]] + Jobs[[#This Row],[power/t]] + Jobs[[#This Row],[downturn/t]] + Jobs[[#This Row],[Maintenance/t]] + Jobs[[#This Row],[Coloring/t]] + Jobs[[#This Row],[overhead/t]] + Jobs[[#This Row],[Extras]] -> 3167822.1 | T89: =S89*(1+Settings!$D$5) -> 9503466.3 | U89: =Jobs[[#This Row],[Sugested Price/t]] - Jobs[[#This Row],[base price/t]] -> 6335644.2 | V89: =IFERROR(Jobs[[#This Row],[Gross margin/t]] / Jobs[[#This Row],[base price/t]], 0) -> 2
A90: SK006 | B90: مینی پارک 3 | C90: 1 | D90: Anycubic Kobra S1- office | E90: PLA | F90: Black | G90: 354 | J90: 0.39583333 | M90: =_xlfn.LET( _xlpm.qty, C90, _xlpm.weight_g, G90 + H90 + Jobs[[#This Row],[Flushed/g]], _xlpm.material, TRIM(E90), _xlpm.price_per_kg, _xlfn.XLOOKUP(_xlpm.material, MaterialsTbl[Material], MaterialsTbl[Price_per_kg], 0), _xlpm.waste_pct, _xlfn.XLOOKUP(_xlpm.material, MaterialsTbl[Material], MaterialsTbl[Waste_pct], 0), _xlpm.qty * (_xlpm.weight_g / 1000) * _xlpm.price_per_kg * (1 + _xlpm.waste_pct) ) -> 966420 | N90: =_xlfn.LET( _xlpm.qty, C90, _xlpm.hours, J90*24, _xlpm.power_w, _xlfn.XLOOKUP(TRIM(D90), Settings!$F$4:$F$101, Settings!$G$4:$G$101, 120), _xlpm.rate, Settings!$D$4, _xlpm.qty * _xlpm.hours * (_xlpm.power_w / 1000) * _xlpm.rate ) -> 925.68 | O90: =_xlfn.LET( _xlpm.qty, C90, _xlpm.hours, J90*24, _xlpm.price, _xlfn.XLOOKUP(TRIM(D90), Settings!$F$4:$F$101, Settings!$H$4:$H$101, 0), _xlpm.life, _xlfn.XLOOKUP(TRIM(D90), Settings!$F$4:$F$101, Settings!$I$4:$I$101, 1), _xlpm.qty * _xlpm.hours * (_xlpm.price / _xlpm.life) ) -> 178600 | P90: =_xlfn.LET( _xlpm.qty, C90, _xlpm.hours, J90*24, _xlpm.price, _xlfn.XLOOKUP(TRIM(D90), Settings!$F$4:$F$101, Settings!$H$4:$H$101, 0), _xlpm.life, _xlfn.XLOOKUP(TRIM(D90), Settings!$F$4:$F$101, Settings!$I$4:$I$101, 1), _xlpm.pct, _xlfn.XLOOKUP(TRIM(D90), Settings!$F$4:$F$101, Settings!$J$4:$J$101, 0), _xlpm.qty * _xlpm.hours * (_xlpm.price / _xlpm.life * _xlpm.pct) ) -> 8930 | Q90: =Jobs[[#This Row],[Post Pro/h]]*Settings!$D$18 -> 0 | R90: =(Jobs[[#This Row],[power/t]]+Jobs[[#This Row],[Matrial/t]]+Jobs[[#This Row],[downturn/t]]+Jobs[[#This Row],[Maintenance/t]]+Jobs[[#This Row],[Coloring/t]]+Jobs[[#This Row],[Extras]])*Settings!$D$12 -> 346462.7 | S90: =Jobs[[#This Row],[Matrial/t]] + Jobs[[#This Row],[power/t]] + Jobs[[#This Row],[downturn/t]] + Jobs[[#This Row],[Maintenance/t]] + Jobs[[#This Row],[Coloring/t]] + Jobs[[#This Row],[overhead/t]] + Jobs[[#This Row],[Extras]] -> 1501338.4 | T90: =S90*(1+Settings!$D$5) -> 4504015.2 | U90: =Jobs[[#This Row],[Sugested Price/t]] - Jobs[[#This Row],[base price/t]] -> 3002676.8 | V90: =IFERROR(Jobs[[#This Row],[Gross margin/t]] / Jobs[[#This Row],[base price/t]], 0) -> 2
A91: SK007 | B91: ریل | C91: 1 | D91: Anycubic Kobra S1- office | E91: PLA | F91: Black | G91: 28 | J91: 0.034722222 | M91: =_xlfn.LET( _xlpm.qty, C91, _xlpm.weight_g, G91 + H91 + Jobs[[#This Row],[Flushed/g]], _xlpm.material, TRIM(E91), _xlpm.price_per_kg, _xlfn.XLOOKUP(_xlpm.material, MaterialsTbl[Material], MaterialsTbl[Price_per_kg], 0), _xlpm.waste_pct, _xlfn.XLOOKUP(_xlpm.material, MaterialsTbl[Material], MaterialsTbl[Waste_pct], 0), _xlpm.qty * (_xlpm.weight_g / 1000) * _xlpm.price_per_kg * (1 + _xlpm.waste_pct) ) -> 76440 | N91: =_xlfn.LET( _xlpm.qty, C91, _xlpm.hours, J91*24, _xlpm.power_w, _xlfn.XLOOKUP(TRIM(D91), Settings!$F$4:$F$101, Settings!$G$4:$G$101, 120), _xlpm.rate, Settings!$D$4, _xlpm.qty * _xlpm.hours * (_xlpm.power_w / 1000) * _xlpm.rate ) -> 81.2 | O91: =_xlfn.LET( _xlpm.qty, C91, _xlpm.hours, J91*24, _xlpm.price, _xlfn.XLOOKUP(TRIM(D91), Settings!$F$4:$F$101, Settings!$H$4:$H$101, 0), _xlpm.life, _xlfn.XLOOKUP(TRIM(D91), Settings!$F$4:$F$101, Settings!$I$4:$I$101, 1), _xlpm.qty * _xlpm.hours * (_xlpm.price / _xlpm.life) ) -> 15666.667 | P91: =_xlfn.LET( _xlpm.qty, C91, _xlpm.hours, J91*24, _xlpm.price, _xlfn.XLOOKUP(TRIM(D91), Settings!$F$4:$F$101, Settings!$H$4:$H$101, 0), _xlpm.life, _xlfn.XLOOKUP(TRIM(D91), Settings!$F$4:$F$101, Settings!$I$4:$I$101, 1), _xlpm.pct, _xlfn.XLOOKUP(TRIM(D91), Settings!$F$4:$F$101, Settings!$J$4:$J$101, 0), _xlpm.qty * _xlpm.hours * (_xlpm.price / _xlpm.life * _xlpm.pct) ) -> 783.33333 | Q91: =Jobs[[#This Row],[Post Pro/h]]*Settings!$D$18 -> 0 | R91: =(Jobs[[#This Row],[power/t]]+Jobs[[#This Row],[Matrial/t]]+Jobs[[#This Row],[downturn/t]]+Jobs[[#This Row],[Maintenance/t]]+Jobs[[#This Row],[Coloring/t]]+Jobs[[#This Row],[Extras]])*Settings!$D$12 -> 27891.36 | S91: =Jobs[[#This Row],[Matrial/t]] + Jobs[[#This Row],[power/t]] + Jobs[[#This Row],[downturn/t]] + Jobs[[#This Row],[Maintenance/t]] + Jobs[[#This Row],[Coloring/t]] + Jobs[[#This Row],[overhead/t]] + Jobs[[#This Row],[Extras]] -> 120862.56 | T91: =S91*(1+Settings!$D$5) -> 362587.68 | U91: =Jobs[[#This Row],[Sugested Price/t]] - Jobs[[#This Row],[base price/t]] -> 241725.12 | V91: =IFERROR(Jobs[[#This Row],[Gross margin/t]] / Jobs[[#This Row],[base price/t]], 0) -> 2
A92: SK008 | B92: . مینی پارک 4 | C92: 1 | D92: Anycubic Kobra S1- office | E92: PLA | F92: Black | G92: 740 | J92: 0.99930556 | M92: =_xlfn.LET( _xlpm.qty, C92, _xlpm.weight_g, G92 + H92 + Jobs[[#This Row],[Flushed/g]], _xlpm.material, TRIM(E92), _xlpm.price_per_kg, _xlfn.XLOOKUP(_xlpm.material, MaterialsTbl[Material], MaterialsTbl[Price_per_kg], 0), _xlpm.waste_pct, _xlfn.XLOOKUP(_xlpm.material, MaterialsTbl[Material], MaterialsTbl[Waste_pct], 0), _xlpm.qty * (_xlpm.weight_g / 1000) * _xlpm.price_per_kg * (1 + _xlpm.waste_pct) ) -> 2020200 | N92: =_xlfn.LET( _xlpm.qty, C92, _xlpm.hours, J92*24, _xlpm.power_w, _xlfn.XLOOKUP(TRIM(D92), Settings!$F$4:$F$101, Settings!$G$4:$G$101, 120), _xlpm.rate, Settings!$D$4, _xlpm.qty * _xlpm.hours * (_xlpm.power_w / 1000) * _xlpm.rate ) -> 2336.936 | O92: =_xlfn.LET( _xlpm.qty, C92, _xlpm.hours, J92*24, _xlpm.price, _xlfn.XLOOKUP(TRIM(D92), Settings!$F$4:$F$101, Settings!$H$4:$H$101, 0), _xlpm.life, _xlfn.XLOOKUP(TRIM(D92), Settings!$F$4:$F$101, Settings!$I$4:$I$101, 1), _xlpm.qty * _xlpm.hours * (_xlpm.price / _xlpm.life) ) -> 450886.67 | P92: =_xlfn.LET( _xlpm.qty, C92, _xlpm.hours, J92*24, _xlpm.price, _xlfn.XLOOKUP(TRIM(D92), Settings!$F$4:$F$101, Settings!$H$4:$H$101, 0), _xlpm.life, _xlfn.XLOOKUP(TRIM(D92), Settings!$F$4:$F$101, Settings!$I$4:$I$101, 1), _xlpm.pct, _xlfn.XLOOKUP(TRIM(D92), Settings!$F$4:$F$101, Settings!$J$4:$J$101, 0), _xlpm.qty * _xlpm.hours * (_xlpm.price / _xlpm.life * _xlpm.pct) ) -> 22544.333 | Q92: =Jobs[[#This Row],[Post Pro/h]]*Settings!$D$18 -> 0 | R92: =(Jobs[[#This Row],[power/t]]+Jobs[[#This Row],[Matrial/t]]+Jobs[[#This Row],[downturn/t]]+Jobs[[#This Row],[Maintenance/t]]+Jobs[[#This Row],[Coloring/t]]+Jobs[[#This Row],[Extras]])*Settings!$D$12 -> 748790.38 | S92: =Jobs[[#This Row],[Matrial/t]] + Jobs[[#This Row],[power/t]] + Jobs[[#This Row],[downturn/t]] + Jobs[[#This Row],[Maintenance/t]] + Jobs[[#This Row],[Coloring/t]] + Jobs[[#This Row],[overhead/t]] + Jobs[[#This Row],[Extras]] -> 3244758.3 | T92: =S92*(1+Settings!$D$5) -> 9734275 | U92: =Jobs[[#This Row],[Sugested Price/t]] - Jobs[[#This Row],[base price/t]] -> 6489516.6 | V92: =IFERROR(Jobs[[#This Row],[Gross margin/t]] / Jobs[[#This Row],[base price/t]], 0) -> 2
A93: SK009 | B93: اسنوبرد انگشتی 1 | C93: 1 | D93: Anycubic Kobra S1- office | E93: PLA | F93: Black | G93: 20 | J93: 0.041666667 | M93: =_xlfn.LET( _xlpm.qty, C93, _xlpm.weight_g, G93 + H93 + Jobs[[#This Row],[Flushed/g]], _xlpm.material, TRIM(E93), _xlpm.price_per_kg, _xlfn.XLOOKUP(_xlpm.material, MaterialsTbl[Material], MaterialsTbl[Price_per_kg], 0), _xlpm.waste_pct, _xlfn.XLOOKUP(_xlpm.material, MaterialsTbl[Material], MaterialsTbl[Waste_pct], 0), _xlpm.qty * (_xlpm.weight_g / 1000) * _xlpm.price_per_kg * (1 + _xlpm.waste_pct) ) -> 54600 | N93: =_xlfn.LET( _xlpm.qty, C93, _xlpm.hours, J93*24, _xlpm.power_w, _xlfn.XLOOKUP(TRIM(D93), Settings!$F$4:$F$101, Settings!$G$4:$G$101, 120), _xlpm.rate, Settings!$D$4, _xlpm.qty * _xlpm.hours * (_xlpm.power_w / 1000) * _xlpm.rate ) -> 97.44 | O93: =_xlfn.LET( _xlpm.qty, C93, _xlpm.hours, J93*24, _xlpm.price, _xlfn.XLOOKUP(TRIM(D93), Settings!$F$4:$F$101, Settings!$H$4:$H$101, 0), _xlpm.life, _xlfn.XLOOKUP(TRIM(D93), Settings!$F$4:$F$101, Settings!$I$4:$I$101, 1), _xlpm.qty * _xlpm.hours * (_xlpm.price / _xlpm.life) ) -> 18800 | P93: =_xlfn.LET( _xlpm.qty, C93, _xlpm.hours, J93*24, _xlpm.price, _xlfn.XLOOKUP(TRIM(D93), Settings!$F$4:$F$101, Settings!$H$4:$H$101, 0), _xlpm.life, _xlfn.XLOOKUP(TRIM(D93), Settings!$F$4:$F$101, Settings!$I$4:$I$101, 1), _xlpm.pct, _xlfn.XLOOKUP(TRIM(D93), Settings!$F$4:$F$101, Settings!$J$4:$J$101, 0), _xlpm.qty * _xlpm.hours * (_xlpm.price / _xlpm.life * _xlpm.pct) ) -> 940 | Q93: =Jobs[[#This Row],[Post Pro/h]]*Settings!$D$18 -> 0 | R93: =(Jobs[[#This Row],[power/t]]+Jobs[[#This Row],[Matrial/t]]+Jobs[[#This Row],[downturn/t]]+Jobs[[#This Row],[Maintenance/t]]+Jobs[[#This Row],[Coloring/t]]+Jobs[[#This Row],[Extras]])*Settings!$D$12 -> 22331.232 | S93: =Jobs[[#This Row],[Matrial/t]] + Jobs[[#This Row],[power/t]] + Jobs[[#This Row],[downturn/t]] + Jobs[[#This Row],[Maintenance/t]] + Jobs[[#This Row],[Coloring/t]] + Jobs[[#This Row],[overhead/t]] + Jobs[[#This Row],[Extras]] -> 96768.672 | T93: =S93*(1+Settings!$D$5) -> 290306.02 | U93: =Jobs[[#This Row],[Sugested Price/t]] - Jobs[[#This Row],[base price/t]] -> 193537.34 | V93: =IFERROR(Jobs[[#This Row],[Gross margin/t]] / Jobs[[#This Row],[base price/t]], 0) -> 2
A94: SK010 | B94: اسنوبرد انگشتی 2 | C94: 1 | D94: Anycubic Kobra S1- office | E94: PLA | F94: Black | G94: 35 | J94: 0.076388889 | M94: =_xlfn.LET( _xlpm.qty, C94, _xlpm.weight_g, G94 + H94 + Jobs[[#This Row],[Flushed/g]], _xlpm.material, TRIM(E94), _xlpm.price_per_kg, _xlfn.XLOOKUP(_xlpm.material, MaterialsTbl[Material], MaterialsTbl[Price_per_kg], 0), _xlpm.waste_pct, _xlfn.XLOOKUP(_xlpm.material, MaterialsTbl[Material], MaterialsTbl[Waste_pct], 0), _xlpm.qty * (_xlpm.weight_g / 1000) * _xlpm.price_per_kg * (1 + _xlpm.waste_pct) ) -> 95550 | N94: =_xlfn.LET( _xlpm.qty, C94, _xlpm.hours, J94*24, _xlpm.power_w, _xlfn.XLOOKUP(TRIM(D94), Settings!$F$4:$F$101, Settings!$G$4:$G$101, 120), _xlpm.rate, Settings!$D$4, _xlpm.qty * _xlpm.hours * (_xlpm.power_w / 1000) * _xlpm.rate ) -> 178.64 | O94: =_xlfn.LET( _xlpm.qty, C94, _xlpm.hours, J94*24, _xlpm.price, _xlfn.XLOOKUP(TRIM(D94), Settings!$F$4:$F$101, Settings!$H$4:$H$101, 0), _xlpm.life, _xlfn.XLOOKUP(TRIM(D94), Settings!$F$4:$F$101, Settings!$I$4:$I$101, 1), _xlpm.qty * _xlpm.hours * (_xlpm.price / _xlpm.life) ) -> 34466.667 | P94: =_xlfn.LET( _xlpm.qty, C94, _xlpm.hours, J94*24, _xlpm.price, _xlfn.XLOOKUP(TRIM(D94), Settings!$F$4:$F$101, Settings!$H$4:$H$101, 0), _xlpm.life, _xlfn.XLOOKUP(TRIM(D94), Settings!$F$4:$F$101, Settings!$I$4:$I$101, 1), _xlpm.pct, _xlfn.XLOOKUP(TRIM(D94), Settings!$F$4:$F$101, Settings!$J$4:$J$101, 0), _xlpm.qty * _xlpm.hours * (_xlpm.price / _xlpm.life * _xlpm.pct) ) -> 1723.3333 | Q94: =Jobs[[#This Row],[Post Pro/h]]*Settings!$D$18 -> 0 | R94: =(Jobs[[#This Row],[power/t]]+Jobs[[#This Row],[Matrial/t]]+Jobs[[#This Row],[downturn/t]]+Jobs[[#This Row],[Maintenance/t]]+Jobs[[#This Row],[Coloring/t]]+Jobs[[#This Row],[Extras]])*Settings!$D$12 -> 39575.592 | S94: =Jobs[[#This Row],[Matrial/t]] + Jobs[[#This Row],[power/t]] + Jobs[[#This Row],[downturn/t]] + Jobs[[#This Row],[Maintenance/t]] + Jobs[[#This Row],[Coloring/t]] + Jobs[[#This Row],[overhead/t]] + Jobs[[#This Row],[Extras]] -> 171494.23 | T94: =S94*(1+Settings!$D$5) -> 514482.7 | U94: =Jobs[[#This Row],[Sugested Price/t]] - Jobs[[#This Row],[base price/t]] -> 342988.46 | V94: =IFERROR(Jobs[[#This Row],[Gross margin/t]] / Jobs[[#This Row],[base price/t]], 0) -> 2
A95: BO001 | B95: کالکشن برگ | C95: 1 | D95: Anycubic Kobra S1- office | E95: PLA | F95: Black | G95: 7.39 | J95: 0.016666667 | M95: =_xlfn.LET( _xlpm.qty, C95, _xlpm.weight_g, G95 + H95 + Jobs[[#This Row],[Flushed/g]], _xlpm.material, TRIM(E95), _xlpm.price_per_kg, _xlfn.XLOOKUP(_xlpm.material, MaterialsTbl[Material], MaterialsTbl[Price_per_kg], 0), _xlpm.waste_pct, _xlfn.XLOOKUP(_xlpm.material, MaterialsTbl[Material], MaterialsTbl[Waste_pct], 0), _xlpm.qty * (_xlpm.weight_g / 1000) * _xlpm.price_per_kg * (1 + _xlpm.waste_pct) ) -> 20174.7 | N95: =_xlfn.LET( _xlpm.qty, C95, _xlpm.hours, J95*24, _xlpm.power_w, _xlfn.XLOOKUP(TRIM(D95), Settings!$F$4:$F$101, Settings!$G$4:$G$101, 120), _xlpm.rate, Settings!$D$4, _xlpm.qty * _xlpm.hours * (_xlpm.power_w / 1000) * _xlpm.rate ) -> 38.976 | O95: =_xlfn.LET( _xlpm.qty, C95, _xlpm.hours, J95*24, _xlpm.price, _xlfn.XLOOKUP(TRIM(D95), Settings!$F$4:$F$101, Settings!$H$4:$H$101, 0), _xlpm.life, _xlfn.XLOOKUP(TRIM(D95), Settings!$F$4:$F$101, Settings!$I$4:$I$101, 1), _xlpm.qty * _xlpm.hours * (_xlpm.price / _xlpm.life) ) -> 7520 | P95: =_xlfn.LET( _xlpm.qty, C95, _xlpm.hours, J95*24, _xlpm.price, _xlfn.XLOOKUP(TRIM(D95), Settings!$F$4:$F$101, Settings!$H$4:$H$101, 0), _xlpm.life, _xlfn.XLOOKUP(TRIM(D95), Settings!$F$4:$F$101, Settings!$I$4:$I$101, 1), _xlpm.pct, _xlfn.XLOOKUP(TRIM(D95), Settings!$F$4:$F$101, Settings!$J$4:$J$101, 0), _xlpm.qty * _xlpm.hours * (_xlpm.price / _xlpm.life * _xlpm.pct) ) -> 376 | Q95: =Jobs[[#This Row],[Post Pro/h]]*Settings!$D$18 -> 0 | R95: =(Jobs[[#This Row],[power/t]]+Jobs[[#This Row],[Matrial/t]]+Jobs[[#This Row],[downturn/t]]+Jobs[[#This Row],[Maintenance/t]]+Jobs[[#This Row],[Coloring/t]]+Jobs[[#This Row],[Extras]])*Settings!$D$12 -> 8432.9028 | S95: =Jobs[[#This Row],[Matrial/t]] + Jobs[[#This Row],[power/t]] + Jobs[[#This Row],[downturn/t]] + Jobs[[#This Row],[Maintenance/t]] + Jobs[[#This Row],[Coloring/t]] + Jobs[[#This Row],[overhead/t]] + Jobs[[#This Row],[Extras]] -> 36542.579 | T95: =S95*(1+Settings!$D$5) -> 109627.74 | U95: =Jobs[[#This Row],[Sugested Price/t]] - Jobs[[#This Row],[base price/t]] -> 73085.158 | V95: =IFERROR(Jobs[[#This Row],[Gross margin/t]] / Jobs[[#This Row],[base price/t]], 0) -> 2
A96: BO002 | B96: زیپ | C96: 1 | D96: Anycubic Kobra S1- office | E96: PLA | F96: Black | G96: 7.15 | J96: 0.017361111 | M96: =_xlfn.LET( _xlpm.qty, C96, _xlpm.weight_g, G96 + H96 + Jobs[[#This Row],[Flushed/g]], _xlpm.material, TRIM(E96), _xlpm.price_per_kg, _xlfn.XLOOKUP(_xlpm.material, MaterialsTbl[Material], MaterialsTbl[Price_per_kg], 0), _xlpm.waste_pct, _xlfn.XLOOKUP(_xlpm.material, MaterialsTbl[Material], MaterialsTbl[Waste_pct], 0), _xlpm.qty * (_xlpm.weight_g / 1000) * _xlpm.price_per_kg * (1 + _xlpm.waste_pct) ) -> 19519.5 | N96: =_xlfn.LET( _xlpm.qty, C96, _xlpm.hours, J96*24, _xlpm.power_w, _xlfn.XLOOKUP(TRIM(D96), Settings!$F$4:$F$101, Settings!$G$4:$G$101, 120), _xlpm.rate, Settings!$D$4, _xlpm.qty * _xlpm.hours * (_xlpm.power_w / 1000) * _xlpm.rate ) -> 40.6 | O96: =_xlfn.LET( _xlpm.qty, C96, _xlpm.hours, J96*24, _xlpm.price, _xlfn.XLOOKUP(TRIM(D96), Settings!$F$4:$F$101, Settings!$H$4:$H$101, 0), _xlpm.life, _xlfn.XLOOKUP(TRIM(D96), Settings!$F$4:$F$101, Settings!$I$4:$I$101, 1), _xlpm.qty * _xlpm.hours * (_xlpm.price / _xlpm.life) ) -> 7833.3333 | P96: =_xlfn.LET( _xlpm.qty, C96, _xlpm.hours, J96*24, _xlpm.price, _xlfn.XLOOKUP(TRIM(D96), Settings!$F$4:$F$101, Settings!$H$4:$H$101, 0), _xlpm.life, _xlfn.XLOOKUP(TRIM(D96), Settings!$F$4:$F$101, Settings!$I$4:$I$101, 1), _xlpm.pct, _xlfn.XLOOKUP(TRIM(D96), Settings!$F$4:$F$101, Settings!$J$4:$J$101, 0), _xlpm.qty * _xlpm.hours * (_xlpm.price / _xlpm.life * _xlpm.pct) ) -> 391.66667 | Q96: =Jobs[[#This Row],[Post Pro/h]]*Settings!$D$18 -> 0 | R96: =(Jobs[[#This Row],[power/t]]+Jobs[[#This Row],[Matrial/t]]+Jobs[[#This Row],[downturn/t]]+Jobs[[#This Row],[Maintenance/t]]+Jobs[[#This Row],[Coloring/t]]+Jobs[[#This Row],[Extras]])*Settings!$D$12 -> 8335.53 | S96: =Jobs[[#This Row],[Matrial/t]] + Jobs[[#This Row],[power/t]] + Jobs[[#This Row],[downturn/t]] + Jobs[[#This Row],[Maintenance/t]] + Jobs[[#This Row],[Coloring/t]] + Jobs[[#This Row],[overhead/t]] + Jobs[[#This Row],[Extras]] -> 36120.63 | T96: =S96*(1+Settings!$D$5) -> 108361.89 | U96: =Jobs[[#This Row],[Sugested Price/t]] - Jobs[[#This Row],[base price/t]] -> 72241.26 | V96: =IFERROR(Jobs[[#This Row],[Gross margin/t]] / Jobs[[#This Row],[base price/t]], 0) -> 2
